crdc_id,year,fips,ncessch,leaid,race,sex,disability,lep,students_AP_exam_none,students_AP_pass_none,students_AP_exam_oneormore,students_AP_pass_oneormore,students_AP_exam_all,students_AP_pass_all
130002603487,2015,13,130002603487,1300026,99,99,99,99,,,,,,
130002603488,2015,13,130002603488,1300026,99,99,99,99,,,,,,
130002603490,2015,13,130002603490,1300026,99,99,99,99,,,,,,
130002603492,2015,13,130002603492,1300026,99,99,99,99,,,,,,
130002603496,2015,13,130002603496,1300026,99,99,99,99,,,,,,
130002603498,2015,13,130002603498,1300026,99,99,99,99,,,,,,
130002603500,2015,13,130002603500,1300026,99,99,99,99,,,,,,
130002603501,2015,13,130002603501,1300026,99,99,99,99,,,,,,
130002603503,2015,13,130002603503,1300026,99,99,99,99,,,,,,
130002603504,2015,13,130002603504,1300026,99,99,99,99,,,,,,
130002603505,2015,13,130002603505,1300026,99,99,99,99,,,,,,
130002603506,2015,13,130002603506,1300026,99,99,99,99,,,,,,
130002603509,2015,13,130002603509,1300026,99,99,99,99,,,,,,
130002603510,2015,13,130002603510,1300026,99,99,99,99,,,,,,
130002603511,2015,13,130002603511,1300026,99,99,99,99,,,,,,
130002603512,2015,13,130002603512,1300026,99,99,99,99,,,,,,
130002603513,2015,13,130002603513,1300026,99,99,99,99,,,,,,
130002603514,2015,13,130002603514,1300026,99,99,99,99,,,,,,
130002603515,2015,13,130002603515,1300026,99,99,99,99,,,,,,
130002603517,2015,13,130002603517,1300026,99,99,99,99,,,,,,
130002603518,2015,13,130002603518,1300026,99,99,99,99,,,,,,
130002603650,2015,13,130002603650,1300026,99,99,99,99,,,,,,
130002603806,2015,13,130002603806,1300026,99,99,99,99,,,,,,
130002604089,2015,13,130002604089,1300026,99,99,99,99,,,,,,
130002604141,2015,13,130002604141,1300026,99,99,99,99,,,,,,
130002604194,2015,13,130002604194,1300026,99,99,99,99,,,,,,
130021000158,2015,13,130021000158,1300210,99,99,99,99,0.0,46.0,67.0,12.0,,
130021000224,2015,13,130021000224,1300210,99,99,99,99,,,,,,
130021000781,2015,13,130021000781,1300210,99,99,99,99,,,,,,
130021002291,2015,13,130021002291,1300210,99,99,99,99,,,,,,
130021002347,2015,13,130021002347,1300210,99,99,99,99,,,,,,
130021003283,2015,13,130021003283,1300210,99,99,99,99,,,,,,
130036000190,2015,13,130036000190,1300360,99,99,99,99,,,,,,
130036000931,2015,13,130036000931,1300360,99,99,99,99,100.0,8.0,19.0,4.0,,
130036002148,2015,13,130036002148,1300360,99,99,99,99,,,,,,
130036002149,2015,13,130036002149,1300360,99,99,99,99,,,,,,
130044000253,2015,13,130044000253,1300440,99,99,99,99,0.0,23.0,55.0,23.0,,
130044000254,2015,13,130044000254,1300440,99,99,99,99,,,,,,
130044000256,2015,13,130044000256,1300440,99,99,99,99,,,,,,
130044001920,2015,13,130044001920,1300440,99,99,99,99,,,,,,
130044004162,2015,13,130044004162,1300440,99,99,99,99,,,,,,
130066000293,2015,13,130066000293,1300660,99,99,99,99,,,,,,
130066001990,2015,13,130066001990,1300660,99,99,99,99,,,,,,
130066001991,2015,13,130066001991,1300660,99,99,99,99,0.0,88.0,95.0,4.0,,
130066001992,2015,13,130066001992,1300660,99,99,99,99,,,,,,
130066002817,2015,13,130066002817,1300660,99,99,99,99,,,,,,
130078000236,2015,13,130078000236,1300780,99,99,99,99,,,,,,
130078000237,2015,13,130078000237,1300780,99,99,99,99,,,,,,
130078000313,2015,13,130078000313,1300780,99,99,99,99,,,,,,
130078000315,2015,13,130078000315,1300780,99,99,99,99,281.0,152.0,432.0,271.0,,
130078000791,2015,13,130078000791,1300780,99,99,99,99,,,,,,
130078000794,2015,13,130078000794,1300780,99,99,99,99,,,,,,
130078001875,2015,13,130078001875,1300780,99,99,99,99,,,,,,
130078001941,2015,13,130078001941,1300780,99,99,99,99,,,,,,
130078001969,2015,13,130078001969,1300780,99,99,99,99,,,,,,
130078002063,2015,13,130078002063,1300780,99,99,99,99,,,,,,
130078002355,2015,13,130078002355,1300780,99,99,99,99,,,,,,
130078003299,2015,13,130078003299,1300780,99,99,99,99,,,,,,
130102000238,2015,13,130102000238,1301020,99,99,99,99,,,,,,
130102000362,2015,13,130102000362,1301020,99,99,99,99,,,,,,
130102000363,2015,13,130102000363,1301020,99,99,99,99,,,,,,
130102000364,2015,13,130102000364,1301020,99,99,99,99,,,,,,
130102000365,2015,13,130102000365,1301020,99,99,99,99,,,,,,
130102000366,2015,13,130102000366,1301020,99,99,99,99,,,,,,
130102000369,2015,13,130102000369,1301020,99,99,99,99,,,,,,
130102000370,2015,13,130102000370,1301020,99,99,99,99,,,,,,
130102000373,2015,13,130102000373,1301020,99,99,99,99,,,,,,
130102000374,2015,13,130102000374,1301020,99,99,99,99,,,,,,
130102000375,2015,13,130102000375,1301020,99,99,99,99,,,,,,
130102000376,2015,13,130102000376,1301020,99,99,99,99,27.0,41.0,49.0,,,
130102000377,2015,13,130102000377,1301020,99,99,99,99,,,,,,
130102000381,2015,13,130102000381,1301020,99,99,99,99,,,,,,
130102000382,2015,13,130102000382,1301020,99,99,99,99,31.0,64.0,82.0,4.0,,
130102000385,2015,13,130102000385,1301020,99,99,99,99,,,,,,
130102000386,2015,13,130102000386,1301020,99,99,99,99,,,,,,
130102000387,2015,13,130102000387,1301020,99,99,99,99,,,,,,
130102000388,2015,13,130102000388,1301020,99,99,99,99,16.0,70.0,154.0,80.0,,
130102000389,2015,13,130102000389,1301020,99,99,99,99,,,,,,
130102000392,2015,13,130102000392,1301020,99,99,99,99,,,,,,
130102000393,2015,13,130102000393,1301020,99,99,99,99,,,,,,
130102000394,2015,13,130102000394,1301020,99,99,99,99,,,,,,
130102000396,2015,13,130102000396,1301020,99,99,99,99,,,,,,
130102000400,2015,13,130102000400,1301020,99,99,99,99,,,,,,
130102000401,2015,13,130102000401,1301020,99,99,99,99,,,,,,
130102000402,2015,13,130102000402,1301020,99,99,99,99,,,,,,
130102000403,2015,13,130102000403,1301020,99,99,99,99,,,,,,
130102000409,2015,13,130102000409,1301020,99,99,99,99,,,,,,
130102000410,2015,13,130102000410,1301020,99,99,99,99,,,,,,
130102000411,2015,13,130102000411,1301020,99,99,99,99,,,,,,
130102000413,2015,13,130102000413,1301020,99,99,99,99,4.0,,6.0,,,
130102000415,2015,13,130102000415,1301020,99,99,99,99,22.0,21.0,50.0,15.0,,
130102001419,2015,13,130102001419,1301020,99,99,99,99,,,,,,
130102002019,2015,13,130102002019,1301020,99,99,99,99,,,,,,
130102002054,2015,13,130102002054,1301020,99,99,99,99,,,,,,
130102002099,2015,13,130102002099,1301020,99,99,99,99,,,,,,
130102002152,2015,13,130102002152,1301020,99,99,99,99,,,,,,
130102002242,2015,13,130102002242,1301020,99,99,99,99,,,,,,
130102002243,2015,13,130102002243,1301020,99,99,99,99,,,,,,
130102002245,2015,13,130102002245,1301020,99,99,99,99,11.0,149.0,459.0,301.0,,
130102002301,2015,13,130102002301,1301020,99,99,99,99,,,,,,
130102002302,2015,13,130102002302,1301020,99,99,99,99,,,,,,
130102002303,2015,13,130102002303,1301020,99,99,99,99,,,,,,
130102003772,2015,13,130102003772,1301020,99,99,99,99,,,,,,
130102003941,2015,13,130102003941,1301020,99,99,99,99,7.0,35.0,31.0,,,
130102003972,2015,13,130102003972,1301020,99,99,99,99,,,,,,
130102003975,2015,13,130102003975,1301020,99,99,99,99,,,,,,
130102003978,2015,13,130102003978,1301020,99,99,99,99,24.0,146.0,223.0,70.0,,
130102004044,2015,13,130102004044,1301020,99,99,99,99,43.0,11.0,26.0,4.0,,
130102004088,2015,13,130102004088,1301020,99,99,99,99,6.0,70.0,94.0,11.0,,
130102004117,2015,13,130102004117,1301020,99,99,99,99,,,,,,
130102004135,2015,13,130102004135,1301020,99,99,99,99,,,,,,
130102004185,2015,13,130102004185,1301020,99,99,99,99,,,,,,
130102004196,2015,13,130102004196,1301020,99,99,99,99,,,,,,
130108000417,2015,13,130108000417,1301080,99,99,99,99,,,,,,
130108000418,2015,13,130108000418,1301080,99,99,99,99,62.0,50.0,58.0,4.0,,
130108000421,2015,13,130108000421,1301080,99,99,99,99,,,,,,
130108000422,2015,13,130108000422,1301080,99,99,99,99,,,,,,
130108003307,2015,13,130108003307,1301080,99,99,99,99,,,,,,
130108003571,2015,13,130108003571,1301080,99,99,99,99,,,,,,
130117000443,2015,13,130117000443,1301170,99,99,99,99,,,,,,
130117000444,2015,13,130117000444,1301170,99,99,99,99,,,,,,
130117000445,2015,13,130117000445,1301170,99,99,99,99,,,,,,
130117000446,2015,13,130117000446,1301170,99,99,99,99,,,,,,
130117000447,2015,13,130117000447,1301170,99,99,99,99,,,,,,
130117000449,2015,13,130117000449,1301170,99,99,99,99,0.0,,504.0,496.0,,
130117000450,2015,13,130117000450,1301170,99,99,99,99,,,,,,
130117000451,2015,13,130117000451,1301170,99,99,99,99,,,,,,
130117000452,2015,13,130117000452,1301170,99,99,99,99,,,,,,
130117000453,2015,13,130117000453,1301170,99,99,99,99,0.0,,394.0,391.0,,
130117000454,2015,13,130117000454,1301170,99,99,99,99,,,,,,
130117000455,2015,13,130117000455,1301170,99,99,99,99,,,,,,
130117000456,2015,13,130117000456,1301170,99,99,99,99,,,,,,
130117000457,2015,13,130117000457,1301170,99,99,99,99,,,,,,
130117000458,2015,13,130117000458,1301170,99,99,99,99,,,,,,
130117001106,2015,13,130117001106,1301170,99,99,99,99,,,,,,
130117002102,2015,13,130117002102,1301170,99,99,99,99,,,,,,
130117002103,2015,13,130117002103,1301170,99,99,99,99,,,,,,
130117002104,2015,13,130117002104,1301170,99,99,99,99,,,,,,
130117002831,2015,13,130117002831,1301170,99,99,99,99,,,,,,
130117003905,2015,13,130117003905,1301170,99,99,99,99,,,,,,
130123000461,2015,13,130123000461,1301230,99,99,99,99,,,,,,
130123000462,2015,13,130123000462,1301230,99,99,99,99,,,,,,
130123000463,2015,13,130123000463,1301230,99,99,99,99,,,,,,
130123000464,2015,13,130123000464,1301230,99,99,99,99,,,,,,
130123000465,2015,13,130123000465,1301230,99,99,99,99,,,,,,
130123000466,2015,13,130123000466,1301230,99,99,99,99,,,,,,
130123000467,2015,13,130123000467,1301230,99,99,99,99,22.0,47.0,61.0,4.0,,
130123000469,2015,13,130123000469,1301230,99,99,99,99,,,,,,
130123000470,2015,13,130123000470,1301230,99,99,99,99,,,,,,
130123000471,2015,13,130123000471,1301230,99,99,99,99,,,,,,
130123000472,2015,13,130123000472,1301230,99,99,99,99,,,,,,
130123000473,2015,13,130123000473,1301230,99,99,99,99,56.0,108.0,143.0,21.0,,
130123000474,2015,13,130123000474,1301230,99,99,99,99,185.0,121.0,150.0,19.0,,
130123000475,2015,13,130123000475,1301230,99,99,99,99,,,,,,
130123000476,2015,13,130123000476,1301230,99,99,99,99,,,,,,
130123000477,2015,13,130123000477,1301230,99,99,99,99,43.0,137.0,160.0,11.0,,
130123000478,2015,13,130123000478,1301230,99,99,99,99,,,,,,
130123000479,2015,13,130123000479,1301230,99,99,99,99,,,,,,
130123000480,2015,13,130123000480,1301230,99,99,99,99,,,,,,
130123000481,2015,13,130123000481,1301230,99,99,99,99,,,,,,
130123000483,2015,13,130123000483,1301230,99,99,99,99,,,,,,
130123000484,2015,13,130123000484,1301230,99,99,99,99,,,,,,
130123000485,2015,13,130123000485,1301230,99,99,99,99,,,,,,
130123000486,2015,13,130123000486,1301230,99,99,99,99,,,,,,
130123000487,2015,13,130123000487,1301230,99,99,99,99,121.0,81.0,143.0,51.0,,
130123000488,2015,13,130123000488,1301230,99,99,99,99,,,,,,
130123000490,2015,13,130123000490,1301230,99,99,99,99,,,,,,
130123000491,2015,13,130123000491,1301230,99,99,99,99,,,,,,
130123000492,2015,13,130123000492,1301230,99,99,99,99,,,,,,
130123000494,2015,13,130123000494,1301230,99,99,99,99,,,,,,
130123000495,2015,13,130123000495,1301230,99,99,99,99,,,,,,
130123000496,2015,13,130123000496,1301230,99,99,99,99,,,,,,
130123000497,2015,13,130123000497,1301230,99,99,99,99,,,,,,
130123000498,2015,13,130123000498,1301230,99,99,99,99,,,,,,
130123000499,2015,13,130123000499,1301230,99,99,99,99,,,,,,
130123000500,2015,13,130123000500,1301230,99,99,99,99,,,,,,
130123000811,2015,13,130123000811,1301230,99,99,99,99,,,,,,
130123000812,2015,13,130123000812,1301230,99,99,99,99,,,,,,
130123001861,2015,13,130123001861,1301230,99,99,99,99,,,,,,
130123001925,2015,13,130123001925,1301230,99,99,99,99,,,,,,
130123002057,2015,13,130123002057,1301230,99,99,99,99,,,,,,
130123002067,2015,13,130123002067,1301230,99,99,99,99,131.0,158.0,189.0,25.0,,
130123002068,2015,13,130123002068,1301230,99,99,99,99,70.0,77.0,91.0,4.0,,
130123002105,2015,13,130123002105,1301230,99,99,99,99,,,,,,
130123002246,2015,13,130123002246,1301230,99,99,99,99,,,,,,
130123002304,2015,13,130123002304,1301230,99,99,99,99,,,,,,
130123002305,2015,13,130123002305,1301230,99,99,99,99,,,,,,
130123002470,2015,13,130123002470,1301230,99,99,99,99,,,,,,
130123002523,2015,13,130123002523,1301230,99,99,99,99,223.0,116.0,146.0,18.0,,
130123002524,2015,13,130123002524,1301230,99,99,99,99,,,,,,
130123002836,2015,13,130123002836,1301230,99,99,99,99,,,,,,
130123002837,2015,13,130123002837,1301230,99,99,99,99,,,,,,
130123003316,2015,13,130123003316,1301230,99,99,99,99,,,,,,
130123003317,2015,13,130123003317,1301230,99,99,99,99,,,,,,
130123003318,2015,13,130123003318,1301230,99,99,99,99,,,,,,
130123003319,2015,13,130123003319,1301230,99,99,99,99,,,,,,
130123003687,2015,13,130123003687,1301230,99,99,99,99,,,,,,
130123003752,2015,13,130123003752,1301230,99,99,99,99,,,,,,
130123003855,2015,13,130123003855,1301230,99,99,99,99,52.0,144.0,174.0,19.0,,
130123003896,2015,13,130123003896,1301230,99,99,99,99,182.0,62.0,97.0,26.0,,
130123004022,2015,13,130123004022,1301230,99,99,99,99,,,,,,
130123004154,2015,13,130123004154,1301230,99,99,99,99,63.0,82.0,144.0,46.0,,
130129000240,2015,13,130129000240,1301290,99,99,99,99,,,,,,
130129000242,2015,13,130129000242,1301290,99,99,99,99,,,,,,
130129000244,2015,13,130129000244,1301290,99,99,99,99,,,,,,
130129000507,2015,13,130129000507,1301290,99,99,99,99,,,,,,
130129000508,2015,13,130129000508,1301290,99,99,99,99,,,,,,
130129000509,2015,13,130129000509,1301290,99,99,99,99,,,,,,
130129000510,2015,13,130129000510,1301290,99,99,99,99,,,,,,
130129000511,2015,13,130129000511,1301290,99,99,99,99,,,,,,
130129000512,2015,13,130129000512,1301290,99,99,99,99,,,,,,
130129000513,2015,13,130129000513,1301290,99,99,99,99,73.0,87.0,1323.0,1238.0,,
130129000514,2015,13,130129000514,1301290,99,99,99,99,,,,,,
130129000515,2015,13,130129000515,1301290,99,99,99,99,,,,,,
130129000517,2015,13,130129000517,1301290,99,99,99,99,,,,,,
130129000518,2015,13,130129000518,1301290,99,99,99,99,,,,,,
130129000520,2015,13,130129000520,1301290,99,99,99,99,,,,,,
130129000521,2015,13,130129000521,1301290,99,99,99,99,122.0,284.0,319.0,28.0,,
130129000523,2015,13,130129000523,1301290,99,99,99,99,,,,,,
130129000525,2015,13,130129000525,1301290,99,99,99,99,116.0,178.0,694.0,508.0,,
130129000526,2015,13,130129000526,1301290,99,99,99,99,,,,,,
130129000527,2015,13,130129000527,1301290,99,99,99,99,,,,,,
130129000528,2015,13,130129000528,1301290,99,99,99,99,,,,,,
130129000529,2015,13,130129000529,1301290,99,99,99,99,134.0,68.0,427.0,352.0,,
130129000531,2015,13,130129000531,1301290,99,99,99,99,,,,,,
130129000532,2015,13,130129000532,1301290,99,99,99,99,,,,,,
130129000533,2015,13,130129000533,1301290,99,99,99,99,83.0,315.0,475.0,153.0,,
130129000534,2015,13,130129000534,1301290,99,99,99,99,,,,,,
130129000535,2015,13,130129000535,1301290,99,99,99,99,,,,,,
130129000536,2015,13,130129000536,1301290,99,99,99,99,,,,,,
130129000537,2015,13,130129000537,1301290,99,99,99,99,391.0,110.0,406.0,292.0,,
130129000538,2015,13,130129000538,1301290,99,99,99,99,,,,,,
130129000539,2015,13,130129000539,1301290,99,99,99,99,,,,,,
130129000540,2015,13,130129000540,1301290,99,99,99,99,,,,,,
130129000541,2015,13,130129000541,1301290,99,99,99,99,,,,,,
130129000543,2015,13,130129000543,1301290,99,99,99,99,,,,,,
130129000544,2015,13,130129000544,1301290,99,99,99,99,,,,,,
130129000545,2015,13,130129000545,1301290,99,99,99,99,152.0,132.0,404.0,256.0,,
130129000547,2015,13,130129000547,1301290,99,99,99,99,,,,,,
130129000548,2015,13,130129000548,1301290,99,99,99,99,,,,,,
130129000551,2015,13,130129000551,1301290,99,99,99,99,,,,,,
130129000552,2015,13,130129000552,1301290,99,99,99,99,,,,,,
130129000553,2015,13,130129000553,1301290,99,99,99,99,,,,,,
130129000554,2015,13,130129000554,1301290,99,99,99,99,,,,,,
130129000555,2015,13,130129000555,1301290,99,99,99,99,,,,,,
130129000556,2015,13,130129000556,1301290,99,99,99,99,,,,,,
130129000557,2015,13,130129000557,1301290,99,99,99,99,,,,,,
130129000558,2015,13,130129000558,1301290,99,99,99,99,,,,,,
130129000559,2015,13,130129000559,1301290,99,99,99,99,175.0,212.0,290.0,81.0,,
130129000560,2015,13,130129000560,1301290,99,99,99,99,,,,,,
130129000561,2015,13,130129000561,1301290,99,99,99,99,,,,,,
130129000564,2015,13,130129000564,1301290,99,99,99,99,,,,,,
130129000566,2015,13,130129000566,1301290,99,99,99,99,,,,,,
130129000567,2015,13,130129000567,1301290,99,99,99,99,,,,,,
130129000568,2015,13,130129000568,1301290,99,99,99,99,,,,,,
130129000571,2015,13,130129000571,1301290,99,99,99,99,,,,,,
130129000572,2015,13,130129000572,1301290,99,99,99,99,,,,,,
130129000573,2015,13,130129000573,1301290,99,99,99,99,,,,,,
130129000574,2015,13,130129000574,1301290,99,99,99,99,143.0,179.0,253.0,73.0,,
130129001479,2015,13,130129001479,1301290,99,99,99,99,,,,,,
130129001490,2015,13,130129001490,1301290,99,99,99,99,,,,,,
130129001491,2015,13,130129001491,1301290,99,99,99,99,,,,,,
130129001880,2015,13,130129001880,1301290,99,99,99,99,,,,,,
130129001881,2015,13,130129001881,1301290,99,99,99,99,114.0,61.0,672.0,604.0,,
130129001882,2015,13,130129001882,1301290,99,99,99,99,,,,,,
130129001926,2015,13,130129001926,1301290,99,99,99,99,,,,,,
130129001935,2015,13,130129001935,1301290,99,99,99,99,,,,,,
130129001972,2015,13,130129001972,1301290,99,99,99,99,,,,,,
130129001973,2015,13,130129001973,1301290,99,99,99,99,,,,,,
130129001974,2015,13,130129001974,1301290,99,99,99,99,,,,,,
130129001994,2015,13,130129001994,1301290,99,99,99,99,122.0,82.0,676.0,588.0,,
130129001995,2015,13,130129001995,1301290,99,99,99,99,,,,,,
130129002021,2015,13,130129002021,1301290,99,99,99,99,,,,,,
130129002022,2015,13,130129002022,1301290,99,99,99,99,,,,,,
130129002023,2015,13,130129002023,1301290,99,99,99,99,,,,,,
130129002024,2015,13,130129002024,1301290,99,99,99,99,,,,,,
130129002058,2015,13,130129002058,1301290,99,99,99,99,,,,,,
130129002069,2015,13,130129002069,1301290,99,99,99,99,,,,,,
130129002070,2015,13,130129002070,1301290,99,99,99,99,,,,,,
130129002107,2015,13,130129002107,1301290,99,99,99,99,,,,,,
130129002108,2015,13,130129002108,1301290,99,99,99,99,,,,,,
130129002109,2015,13,130129002109,1301290,99,99,99,99,,,,,,
130129002110,2015,13,130129002110,1301290,99,99,99,99,,,,,,
130129002138,2015,13,130129002138,1301290,99,99,99,99,,,,,,
130129002150,2015,13,130129002150,1301290,99,99,99,99,,,,,,
130129002153,2015,13,130129002153,1301290,99,99,99,99,218.0,215.0,644.0,430.0,,
130129002154,2015,13,130129002154,1301290,99,99,99,99,,,,,,
130129002158,2015,13,130129002158,1301290,99,99,99,99,,,,,,
130129002247,2015,13,130129002247,1301290,99,99,99,99,,,,,,
130129002248,2015,13,130129002248,1301290,99,99,99,99,,,,,,
130129002249,2015,13,130129002249,1301290,99,99,99,99,,,,,,
130129002250,2015,13,130129002250,1301290,99,99,99,99,,,,,,
130129002365,2015,13,130129002365,1301290,99,99,99,99,239.0,80.0,496.0,415.0,,
130129002475,2015,13,130129002475,1301290,99,99,99,99,,,,,,
130129002476,2015,13,130129002476,1301290,99,99,99,99,,,,,,
130129002526,2015,13,130129002526,1301290,99,99,99,99,144.0,81.0,271.0,183.0,,
130129002527,2015,13,130129002527,1301290,99,99,99,99,,,,,,
130129002840,2015,13,130129002840,1301290,99,99,99,99,,,,,,
130129002841,2015,13,130129002841,1301290,99,99,99,99,,,,,,
130129002842,2015,13,130129002842,1301290,99,99,99,99,,,,,,
130129003528,2015,13,130129003528,1301290,99,99,99,99,,,,,,
130129003529,2015,13,130129003529,1301290,99,99,99,99,,,,,,
130129003530,2015,13,130129003530,1301290,99,99,99,99,,,,,,
130129003531,2015,13,130129003531,1301290,99,99,99,99,,,,,,
130129003580,2015,13,130129003580,1301290,99,99,99,99,,,,,,
130129003622,2015,13,130129003622,1301290,99,99,99,99,,,,,,
130129003632,2015,13,130129003632,1301290,99,99,99,99,,,,,,
130129003649,2015,13,130129003649,1301290,99,99,99,99,125.0,177.0,592.0,412.0,,
130129003679,2015,13,130129003679,1301290,99,99,99,99,,,,,,
130129003732,2015,13,130129003732,1301290,99,99,99,99,,,,,,
130129003781,2015,13,130129003781,1301290,99,99,99,99,76.0,257.0,552.0,289.0,,
130129003795,2015,13,130129003795,1301290,99,99,99,99,,,,,,
130129004134,2015,13,130129004134,1301290,99,99,99,99,,,,,,
130174000083,2015,13,130174000083,1301740,99,99,99,99,,,,,,
130174000162,2015,13,130174000162,1301740,99,99,99,99,,,,,,
130174000222,2015,13,130174000222,1301740,99,99,99,99,,,,,,
130174000635,2015,13,130174000635,1301740,99,99,99,99,,,,,,
130174000636,2015,13,130174000636,1301740,99,99,99,99,92.0,59.0,65.0,4.0,,
130174000637,2015,13,130174000637,1301740,99,99,99,99,,,,,,
130174000638,2015,13,130174000638,1301740,99,99,99,99,,,,,,
130174000639,2015,13,130174000639,1301740,99,99,99,99,39.0,186.0,202.0,11.0,,
130174000640,2015,13,130174000640,1301740,99,99,99,99,,,,,,
130174000642,2015,13,130174000642,1301740,99,99,99,99,,,,,,
130174000644,2015,13,130174000644,1301740,99,99,99,99,33.0,90.0,107.0,14.0,,
130174000645,2015,13,130174000645,1301740,99,99,99,99,,,,,,
130174000646,2015,13,130174000646,1301740,99,99,99,99,,,,,,
130174000649,2015,13,130174000649,1301740,99,99,99,99,,,,,,
130174000650,2015,13,130174000650,1301740,99,99,99,99,,,,,,
130174000651,2015,13,130174000651,1301740,99,99,99,99,,,,,,
130174000652,2015,13,130174000652,1301740,99,99,99,99,,,,,,
130174000653,2015,13,130174000653,1301740,99,99,99,99,,,,,,
130174000654,2015,13,130174000654,1301740,99,99,99,99,,,,,,
130174000656,2015,13,130174000656,1301740,99,99,99,99,,,,,,
130174000660,2015,13,130174000660,1301740,99,99,99,99,,,,,,
130174000662,2015,13,130174000662,1301740,99,99,99,99,,,,,,
130174000664,2015,13,130174000664,1301740,99,99,99,99,,,,,,
130174000665,2015,13,130174000665,1301740,99,99,99,99,55.0,152.0,331.0,169.0,,
130174000666,2015,13,130174000666,1301740,99,99,99,99,80.0,125.0,145.0,11.0,,
130174000667,2015,13,130174000667,1301740,99,99,99,99,,,,,,
130174000668,2015,13,130174000668,1301740,99,99,99,99,,,,,,
130174000669,2015,13,130174000669,1301740,99,99,99,99,76.0,283.0,382.0,106.0,,
130174000672,2015,13,130174000672,1301740,99,99,99,99,,,,,,
130174000677,2015,13,130174000677,1301740,99,99,99,99,,,,,,
130174000678,2015,13,130174000678,1301740,99,99,99,99,,,,,,
130174000679,2015,13,130174000679,1301740,99,99,99,99,65.0,156.0,275.0,111.0,,
130174000680,2015,13,130174000680,1301740,99,99,99,99,,,,,,
130174000681,2015,13,130174000681,1301740,99,99,99,99,,,,,,
130174000682,2015,13,130174000682,1301740,99,99,99,99,,,,,,
130174000684,2015,13,130174000684,1301740,99,99,99,99,,,,,,
130174000686,2015,13,130174000686,1301740,99,99,99,99,27.0,83.0,93.0,,,
130174000687,2015,13,130174000687,1301740,99,99,99,99,,,,,,
130174000688,2015,13,130174000688,1301740,99,99,99,99,,,,,,
130174000690,2015,13,130174000690,1301740,99,99,99,99,131.0,132.0,552.0,410.0,,
130174000691,2015,13,130174000691,1301740,99,99,99,99,,,,,,
130174000692,2015,13,130174000692,1301740,99,99,99,99,138.0,135.0,536.0,397.0,,
130174000694,2015,13,130174000694,1301740,99,99,99,99,,,,,,
130174000695,2015,13,130174000695,1301740,99,99,99,99,,,,,,
130174000696,2015,13,130174000696,1301740,99,99,99,99,,,,,,
130174000698,2015,13,130174000698,1301740,99,99,99,99,,,,,,
130174000699,2015,13,130174000699,1301740,99,99,99,99,,,,,,
130174000700,2015,13,130174000700,1301740,99,99,99,99,,,,,,
130174000701,2015,13,130174000701,1301740,99,99,99,99,,,,,,
130174000702,2015,13,130174000702,1301740,99,99,99,99,,,,,,
130174000703,2015,13,130174000703,1301740,99,99,99,99,,,,,,
130174000704,2015,13,130174000704,1301740,99,99,99,99,,,,,,
130174000707,2015,13,130174000707,1301740,99,99,99,99,11.0,135.0,214.0,74.0,,
130174000708,2015,13,130174000708,1301740,99,99,99,99,21.0,156.0,187.0,22.0,,
130174000709,2015,13,130174000709,1301740,99,99,99,99,,,,,,
130174000710,2015,13,130174000710,1301740,99,99,99,99,,,,,,
130174000712,2015,13,130174000712,1301740,99,99,99,99,53.0,101.0,104.0,,,
130174000713,2015,13,130174000713,1301740,99,99,99,99,,,,,,
130174000714,2015,13,130174000714,1301740,99,99,99,99,,,,,,
130174000715,2015,13,130174000715,1301740,99,99,99,99,,,,,,
130174000717,2015,13,130174000717,1301740,99,99,99,99,,,,,,
130174000718,2015,13,130174000718,1301740,99,99,99,99,,,,,,
130174000720,2015,13,130174000720,1301740,99,99,99,99,,,,,,
130174000721,2015,13,130174000721,1301740,99,99,99,99,146.0,275.0,699.0,411.0,,
130174000722,2015,13,130174000722,1301740,99,99,99,99,,,,,,
130174000723,2015,13,130174000723,1301740,99,99,99,99,,,,,,
130174000724,2015,13,130174000724,1301740,99,99,99,99,,,,,,
130174000725,2015,13,130174000725,1301740,99,99,99,99,,,,,,
130174000726,2015,13,130174000726,1301740,99,99,99,99,,,,,,
130174000727,2015,13,130174000727,1301740,99,99,99,99,,,,,,
130174000728,2015,13,130174000728,1301740,99,99,99,99,,,,,,
130174000729,2015,13,130174000729,1301740,99,99,99,99,,,,,,
130174000732,2015,13,130174000732,1301740,99,99,99,99,,,,,,
130174000734,2015,13,130174000734,1301740,99,99,99,99,,,,,,
130174000737,2015,13,130174000737,1301740,99,99,99,99,,,,,,
130174000738,2015,13,130174000738,1301740,99,99,99,99,,,,,,
130174000740,2015,13,130174000740,1301740,99,99,99,99,,,,,,
130174000741,2015,13,130174000741,1301740,99,99,99,99,,,,,,
130174001521,2015,13,130174001521,1301740,99,99,99,99,,,,,,
130174001531,2015,13,130174001531,1301740,99,99,99,99,,,,,,
130174001547,2015,13,130174001547,1301740,99,99,99,99,,,,,,
130174001553,2015,13,130174001553,1301740,99,99,99,99,38.0,228.0,267.0,26.0,,
130174001568,2015,13,130174001568,1301740,99,99,99,99,,,,,,
130174001586,2015,13,130174001586,1301740,99,99,99,99,,,,,,
130174001589,2015,13,130174001589,1301740,99,99,99,99,,,,,,
130174001862,2015,13,130174001862,1301740,99,99,99,99,,,,,,
130174001998,2015,13,130174001998,1301740,99,99,99,99,,,,,,
130174001999,2015,13,130174001999,1301740,99,99,99,99,,,,,,
130174002031,2015,13,130174002031,1301740,99,99,99,99,,,,,,
130174002074,2015,13,130174002074,1301740,99,99,99,99,,,,,,
130174002112,2015,13,130174002112,1301740,99,99,99,99,,,,,,
130174002256,2015,13,130174002256,1301740,99,99,99,99,,,,,,
130174002308,2015,13,130174002308,1301740,99,99,99,99,,,,,,
130174002310,2015,13,130174002310,1301740,99,99,99,99,,,,,,
130174002313,2015,13,130174002313,1301740,99,99,99,99,,,,,,
130174002370,2015,13,130174002370,1301740,99,99,99,99,,,,,,
130174002478,2015,13,130174002478,1301740,99,99,99,99,,,,,,
130174002479,2015,13,130174002479,1301740,99,99,99,99,26.0,83.0,90.0,,,
130174002480,2015,13,130174002480,1301740,99,99,99,99,,,,,,
130174002482,2015,13,130174002482,1301740,99,99,99,99,,,,,,
130174002537,2015,13,130174002537,1301740,99,99,99,99,49.0,100.0,125.0,23.0,,
130174002538,2015,13,130174002538,1301740,99,99,99,99,,,,,,
130174002858,2015,13,130174002858,1301740,99,99,99,99,,,,,,
130174002859,2015,13,130174002859,1301740,99,99,99,99,,,,,,
130174003332,2015,13,130174003332,1301740,99,99,99,99,40.0,68.0,94.0,20.0,,
130174003334,2015,13,130174003334,1301740,99,99,99,99,,,,,,
130174003336,2015,13,130174003336,1301740,99,99,99,99,,,,,,
130174003337,2015,13,130174003337,1301740,99,99,99,99,,,,,,
130174003338,2015,13,130174003338,1301740,99,99,99,99,,,,,,
130174003339,2015,13,130174003339,1301740,99,99,99,99,,,,,,
130174003559,2015,13,130174003559,1301740,99,99,99,99,,,,,,
130174003613,2015,13,130174003613,1301740,99,99,99,99,,,,,,
130174003634,2015,13,130174003634,1301740,99,99,99,99,,,,,,
130174003643,2015,13,130174003643,1301740,99,99,99,99,,,,,,
130174003665,2015,13,130174003665,1301740,99,99,99,99,,,,,,
130174003708,2015,13,130174003708,1301740,99,99,99,99,2.0,10.0,31.0,17.0,,
130174003750,2015,13,130174003750,1301740,99,99,99,99,,,,,,
130174003766,2015,13,130174003766,1301740,99,99,99,99,,,,,,
130174003868,2015,13,130174003868,1301740,99,99,99,99,,,,,,
130174003884,2015,13,130174003884,1301740,99,99,99,99,17.0,38.0,159.0,111.0,,
130174003914,2015,13,130174003914,1301740,99,99,99,99,,,,,,
130174003915,2015,13,130174003915,1301740,99,99,99,99,137.0,239.0,311.0,62.0,,
130174003921,2015,13,130174003921,1301740,99,99,99,99,14.0,4.0,6.0,,,
130174003955,2015,13,130174003955,1301740,99,99,99,99,,,,,,
130174004006,2015,13,130174004006,1301740,99,99,99,99,,,,,,
130174004035,2015,13,130174004035,1301740,99,99,99,99,,,,,,
130174004039,2015,13,130174004039,1301740,99,99,99,99,,,,,,
130174004071,2015,13,130174004071,1301740,99,99,99,99,,,,,,
130174004142,2015,13,130174004142,1301740,99,99,99,99,,,,,,
130174004159,2015,13,130174004159,1301740,99,99,99,99,,,,,,
130174004199,2015,13,130174004199,1301740,99,99,99,99,,,,,,
130228000035,2015,13,130228000035,1302280,99,99,99,99,,,,,,
130228000217,2015,13,130228000217,1302280,99,99,99,99,,,,,,
130228000927,2015,13,130228000927,1302280,99,99,99,99,,,,,,
130228000948,2015,13,130228000948,1302280,99,99,99,99,,,,,,
130228000965,2015,13,130228000965,1302280,99,99,99,99,,,,,,
130228000967,2015,13,130228000967,1302280,99,99,99,99,50.0,129.0,136.0,,,
130228000968,2015,13,130228000968,1302280,99,99,99,99,,,,,,
130228000969,2015,13,130228000969,1302280,99,99,99,99,,,,,,
130228000970,2015,13,130228000970,1302280,99,99,99,99,,,,,,
130228000971,2015,13,130228000971,1302280,99,99,99,99,,,,,,
130228000974,2015,13,130228000974,1302280,99,99,99,99,,,,,,
130228000975,2015,13,130228000975,1302280,99,99,99,99,,,,,,
130228000976,2015,13,130228000976,1302280,99,99,99,99,,,,,,
130228000978,2015,13,130228000978,1302280,99,99,99,99,,,,,,
130228000986,2015,13,130228000986,1302280,99,99,99,99,,,,,,
130228000987,2015,13,130228000987,1302280,99,99,99,99,81.0,203.0,457.0,244.0,,
130228000988,2015,13,130228000988,1302280,99,99,99,99,,,,,,
130228000991,2015,13,130228000991,1302280,99,99,99,99,,,,,,
130228000997,2015,13,130228000997,1302280,99,99,99,99,,,,,,
130228000998,2015,13,130228000998,1302280,99,99,99,99,,,,,,
130228001005,2015,13,130228001005,1302280,99,99,99,99,137.0,274.0,1013.0,733.0,,
130228001006,2015,13,130228001006,1302280,99,99,99,99,,,,,,
130228001013,2015,13,130228001013,1302280,99,99,99,99,,,,,,
130228001015,2015,13,130228001015,1302280,99,99,99,99,,,,,,
130228001024,2015,13,130228001024,1302280,99,99,99,99,94.0,262.0,634.0,370.0,,
130228001025,2015,13,130228001025,1302280,99,99,99,99,,,,,,
130228001026,2015,13,130228001026,1302280,99,99,99,99,,,,,,
130228001031,2015,13,130228001031,1302280,99,99,99,99,52.0,358.0,507.0,132.0,,
130228001032,2015,13,130228001032,1302280,99,99,99,99,,,,,,
130228001036,2015,13,130228001036,1302280,99,99,99,99,,,,,,
130228001043,2015,13,130228001043,1302280,99,99,99,99,,,,,,
130228001615,2015,13,130228001615,1302280,99,99,99,99,,,,,,
130228001620,2015,13,130228001620,1302280,99,99,99,99,,,,,,
130228001623,2015,13,130228001623,1302280,99,99,99,99,,,,,,
130228001627,2015,13,130228001627,1302280,99,99,99,99,,,,,,
130228001631,2015,13,130228001631,1302280,99,99,99,99,,,,,,
130228001928,2015,13,130228001928,1302280,99,99,99,99,,,,,,
130228001929,2015,13,130228001929,1302280,99,99,99,99,,,,,,
130228001930,2015,13,130228001930,1302280,99,99,99,99,,,,,,
130228001956,2015,13,130228001956,1302280,99,99,99,99,,,,,,
130228001957,2015,13,130228001957,1302280,99,99,99,99,,,,,,
130228001958,2015,13,130228001958,1302280,99,99,99,99,,,,,,
130228001979,2015,13,130228001979,1302280,99,99,99,99,,,,,,
130228002001,2015,13,130228002001,1302280,99,99,99,99,,,,,,
130228002035,2015,13,130228002035,1302280,99,99,99,99,,,,,,
130228002036,2015,13,130228002036,1302280,99,99,99,99,,,,,,
130228002037,2015,13,130228002037,1302280,99,99,99,99,,,,,,
130228002078,2015,13,130228002078,1302280,99,99,99,99,,,,,,
130228002119,2015,13,130228002119,1302280,99,99,99,99,74.0,171.0,808.0,640.0,,
130228002120,2015,13,130228002120,1302280,99,99,99,99,31.0,222.0,246.0,17.0,,
130228002121,2015,13,130228002121,1302280,99,99,99,99,,,,,,
130228002122,2015,13,130228002122,1302280,99,99,99,99,,,,,,
130228002123,2015,13,130228002123,1302280,99,99,99,99,,,,,,
130228002124,2015,13,130228002124,1302280,99,99,99,99,78.0,403.0,422.0,14.0,,
130228002170,2015,13,130228002170,1302280,99,99,99,99,,,,,,
130228002172,2015,13,130228002172,1302280,99,99,99,99,59.0,63.0,790.0,724.0,,
130228002181,2015,13,130228002181,1302280,99,99,99,99,43.0,125.0,550.0,418.0,,
130228002189,2015,13,130228002189,1302280,99,99,99,99,,,,,,
130228002190,2015,13,130228002190,1302280,99,99,99,99,,,,,,
130228002264,2015,13,130228002264,1302280,99,99,99,99,,,,,,
130228002265,2015,13,130228002265,1302280,99,99,99,99,,,,,,
130228002321,2015,13,130228002321,1302280,99,99,99,99,,,,,,
130228002378,2015,13,130228002378,1302280,99,99,99,99,,,,,,
130228002379,2015,13,130228002379,1302280,99,99,99,99,,,,,,
130228002380,2015,13,130228002380,1302280,99,99,99,99,,,,,,
130228002382,2015,13,130228002382,1302280,99,99,99,99,,,,,,
130228002489,2015,13,130228002489,1302280,99,99,99,99,,,,,,
130228002490,2015,13,130228002490,1302280,99,99,99,99,,,,,,
130228002491,2015,13,130228002491,1302280,99,99,99,99,,,,,,
130228002492,2015,13,130228002492,1302280,99,99,99,99,,,,,,
130228002493,2015,13,130228002493,1302280,99,99,99,99,,,,,,
130228002560,2015,13,130228002560,1302280,99,99,99,99,82.0,80.0,856.0,766.0,,
130228002561,2015,13,130228002561,1302280,99,99,99,99,,,,,,
130228002564,2015,13,130228002564,1302280,99,99,99,99,,,,,,
130228002885,2015,13,130228002885,1302280,99,99,99,99,,,,,,
130228002886,2015,13,130228002886,1302280,99,99,99,99,,,,,,
130228002887,2015,13,130228002887,1302280,99,99,99,99,,,,,,
130228003360,2015,13,130228003360,1302280,99,99,99,99,,,,,,
130228003363,2015,13,130228003363,1302280,99,99,99,99,,,,,,
130228003364,2015,13,130228003364,1302280,99,99,99,99,98.0,141.0,1005.0,859.0,,
130228003365,2015,13,130228003365,1302280,99,99,99,99,,,,,,
130228003367,2015,13,130228003367,1302280,99,99,99,99,,,,,,
130228003368,2015,13,130228003368,1302280,99,99,99,99,,,,,,
130228003369,2015,13,130228003369,1302280,99,99,99,99,,,,,,
130228003535,2015,13,130228003535,1302280,99,99,99,99,,,,,,
130228003561,2015,13,130228003561,1302280,99,99,99,99,,,,,,
130228003563,2015,13,130228003563,1302280,99,99,99,99,,,,,,
130228003651,2015,13,130228003651,1302280,99,99,99,99,,,,,,
130228003816,2015,13,130228003816,1302280,99,99,99,99,,,,,,
130228003842,2015,13,130228003842,1302280,99,99,99,99,,,,,,
130228003874,2015,13,130228003874,1302280,99,99,99,99,,,,,,
130228003913,2015,13,130228003913,1302280,99,99,99,99,48.0,270.0,295.0,20.0,,
130228003935,2015,13,130228003935,1302280,99,99,99,99,84.0,173.0,1022.0,838.0,,
130228003940,2015,13,130228003940,1302280,99,99,99,99,,,,,,
130228003990,2015,13,130228003990,1302280,99,99,99,99,,,,,,
130228004002,2015,13,130228004002,1302280,99,99,99,99,,,,,,
130228004045,2015,13,130228004045,1302280,99,99,99,99,17.0,84.0,90.0,4.0,,
130228004099,2015,13,130228004099,1302280,99,99,99,99,66.0,239.0,1014.0,769.0,,
130228004147,2015,13,130228004147,1302280,99,99,99,99,,,,,,
130228004187,2015,13,130228004187,1302280,99,99,99,99,,,,,,
130228004201,2015,13,130228004201,1302280,99,99,99,99,,,,,,
130228004218,2015,13,130228004218,1302280,99,99,99,99,,,,,,
130240000950,2015,13,130240000950,1302400,99,99,99,99,,,,,,
130240001056,2015,13,130240001056,1302400,99,99,99,99,,,,,,
130240001058,2015,13,130240001058,1302400,99,99,99,99,,,,,,
130240001059,2015,13,130240001059,1302400,99,99,99,99,,,,,,
130240001061,2015,13,130240001061,1302400,99,99,99,99,,,,,,
130240001063,2015,13,130240001063,1302400,99,99,99,99,,,,,,
130240001064,2015,13,130240001064,1302400,99,99,99,99,,,,,,
130240001065,2015,13,130240001065,1302400,99,99,99,99,182.0,170.0,334.0,152.0,,
130240001067,2015,13,130240001067,1302400,99,99,99,99,,,,,,
130240001068,2015,13,130240001068,1302400,99,99,99,99,181.0,85.0,130.0,32.0,,
130240002080,2015,13,130240002080,1302400,99,99,99,99,,,,,,
130240002191,2015,13,130240002191,1302400,99,99,99,99,,,,,,
130240002192,2015,13,130240002192,1302400,99,99,99,99,,,,,,
130240002266,2015,13,130240002266,1302400,99,99,99,99,,,,,,
130240003372,2015,13,130240003372,1302400,99,99,99,99,,,,,,
130240003697,2015,13,130240003697,1302400,99,99,99,99,,,,,,
130240004076,2015,13,130240004076,1302400,99,99,99,99,,,,,,
130387001376,2015,13,130387001376,1303870,99,99,99,99,,,,,,
130387001387,2015,13,130387001387,1303870,99,99,99,99,203.0,12.0,28.0,,,
130387001388,2015,13,130387001388,1303870,99,99,99,99,,,,,,
130387001394,2015,13,130387001394,1303870,99,99,99,99,,,,,,
130387001397,2015,13,130387001397,1303870,99,99,99,99,0.0,10.0,19.0,,,
130387001398,2015,13,130387001398,1303870,99,99,99,99,,,,,,
130387001399,2015,13,130387001399,1303870,99,99,99,99,,,,,,
130387001400,2015,13,130387001400,1303870,99,99,99,99,,,,,,
130387001402,2015,13,130387001402,1303870,99,99,99,99,,,,,,
130387001404,2015,13,130387001404,1303870,99,99,99,99,,,,,,
130387001405,2015,13,130387001405,1303870,99,99,99,99,,,,,,
130387001406,2015,13,130387001406,1303870,99,99,99,99,230.0,138.0,695.0,553.0,,
130387001411,2015,13,130387001411,1303870,99,99,99,99,,,,,,
130387001412,2015,13,130387001412,1303870,99,99,99,99,,,,,,
130387001413,2015,13,130387001413,1303870,99,99,99,99,,,,,,
130387001418,2015,13,130387001418,1303870,99,99,99,99,141.0,78.0,90.0,8.0,,
130387001420,2015,13,130387001420,1303870,99,99,99,99,,,,,,
130387001421,2015,13,130387001421,1303870,99,99,99,99,0.0,,0.0,,,
130387001422,2015,13,130387001422,1303870,99,99,99,99,,,,,,
130387001425,2015,13,130387001425,1303870,99,99,99,99,,,,,,
130387001427,2015,13,130387001427,1303870,99,99,99,99,,,,,,
130387001430,2015,13,130387001430,1303870,99,99,99,99,35.0,4.0,23.0,4.0,,
130387001431,2015,13,130387001431,1303870,99,99,99,99,,,,,,
130387001432,2015,13,130387001432,1303870,99,99,99,99,,,,,,
130387001433,2015,13,130387001433,1303870,99,99,99,99,,,,,,
130387001434,2015,13,130387001434,1303870,99,99,99,99,,,,,,
130387001435,2015,13,130387001435,1303870,99,99,99,99,,,,,,
130387001436,2015,13,130387001436,1303870,99,99,99,99,,,,,,
130387001439,2015,13,130387001439,1303870,99,99,99,99,0.0,,0.0,,,
130387001441,2015,13,130387001441,1303870,99,99,99,99,,,,,,
130387001444,2015,13,130387001444,1303870,99,99,99,99,,,,,,
130387001445,2015,13,130387001445,1303870,99,99,99,99,,,,,,
130387001446,2015,13,130387001446,1303870,99,99,99,99,,,,,,
130387001447,2015,13,130387001447,1303870,99,99,99,99,,,,,,
130387001448,2015,13,130387001448,1303870,99,99,99,99,,,,,,
130387001449,2015,13,130387001449,1303870,99,99,99,99,,,,,,
130387001450,2015,13,130387001450,1303870,99,99,99,99,,,,,,
130387001452,2015,13,130387001452,1303870,99,99,99,99,,,,,,
130387002142,2015,13,130387002142,1303870,99,99,99,99,,,,,,
130387002184,2015,13,130387002184,1303870,99,99,99,99,,,,,,
130387002337,2015,13,130387002337,1303870,99,99,99,99,,,,,,
130387002419,2015,13,130387002419,1303870,99,99,99,99,,,,,,
130387002420,2015,13,130387002420,1303870,99,99,99,99,,,,,,
130387002421,2015,13,130387002421,1303870,99,99,99,99,,,,,,
130387002422,2015,13,130387002422,1303870,99,99,99,99,,,,,,
130387002423,2015,13,130387002423,1303870,99,99,99,99,,,,,,
130387002583,2015,13,130387002583,1303870,99,99,99,99,287.0,141.0,236.0,82.0,,
130387003636,2015,13,130387003636,1303870,99,99,99,99,,,,,,
130387003656,2015,13,130387003656,1303870,99,99,99,99,,,,,,
130387003680,2015,13,130387003680,1303870,99,99,99,99,,,,,,
130387003695,2015,13,130387003695,1303870,99,99,99,99,,,,,,
130387004127,2015,13,130387004127,1303870,99,99,99,99,,,,,,
130387004146,2015,13,130387004146,1303870,99,99,99,99,,,,,,
130396000018,2015,13,130396000018,1303960,99,99,99,99,,,,,,
130396000148,2015,13,130396000148,1303960,99,99,99,99,19.0,69.0,470.0,390.0,,
130396001464,2015,13,130396001464,1303960,99,99,99,99,,,,,,
130396001465,2015,13,130396001465,1303960,99,99,99,99,,,,,,
130396001765,2015,13,130396001765,1303960,99,99,99,99,,,,,,
130396002008,2015,13,130396002008,1303960,99,99,99,99,,,,,,
130396002225,2015,13,130396002225,1303960,99,99,99,99,,,,,,
130396002587,2015,13,130396002587,1303960,99,99,99,99,,,,,,
130396003437,2015,13,130396003437,1303960,99,99,99,99,0.0,95.0,422.0,322.0,,
130396003854,2015,13,130396003854,1303960,99,99,99,99,,,,,,
130498001681,2015,13,130498001681,1304980,99,99,99,99,,,,,,
130498001682,2015,13,130498001682,1304980,99,99,99,99,,,,,,
130498001684,2015,13,130498001684,1304980,99,99,99,99,,,,,,
130498001686,2015,13,130498001686,1304980,99,99,99,99,,,,,,
130498001687,2015,13,130498001687,1304980,99,99,99,99,,,,,,
130498001688,2015,13,130498001688,1304980,99,99,99,99,,,,,,
130498001689,2015,13,130498001689,1304980,99,99,99,99,,,,,,
130498001690,2015,13,130498001690,1304980,99,99,99,99,,,,,,
130498001691,2015,13,130498001691,1304980,99,99,99,99,2.0,4.0,17.0,8.0,,
130498002282,2015,13,130498002282,1304980,99,99,99,99,0.0,177.0,285.0,105.0,,
130498002283,2015,13,130498002283,1304980,99,99,99,99,,,,,,
130528001723,2015,13,130528001723,1305280,99,99,99,99,,,,,,
130528001724,2015,13,130528001724,1305280,99,99,99,99,133.0,76.0,104.0,17.0,,
130528002199,2015,13,130528002199,1305280,99,99,99,99,,,,,,
130528002285,2015,13,130528002285,1305280,99,99,99,99,,,,,,
130531001076,2015,13,130531001076,1305310,99,99,99,99,,,,,,
130531001728,2015,13,130531001728,1305310,99,99,99,99,,,,,,
130531001730,2015,13,130531001730,1305310,99,99,99,99,,,,,,
130531001732,2015,13,130531001732,1305310,99,99,99,99,0.0,106.0,229.0,102.0,,
130531001734,2015,13,130531001734,1305310,99,99,99,99,,,,,,
130531001921,2015,13,130531001921,1305310,99,99,99,99,,,,,,
130531002468,2015,13,130531002468,1305310,99,99,99,99,,,,,,
130531003812,2015,13,130531003812,1305310,99,99,99,99,,,,,,
130543001393,2015,13,130543001393,1305430,99,99,99,99,,,,,,
130543001395,2015,13,130543001395,1305430,99,99,99,99,,,,,,
130543001403,2015,13,130543001403,1305430,99,99,99,99,,,,,,
130543001774,2015,13,130543001774,1305430,99,99,99,99,,,,,,
130543001775,2015,13,130543001775,1305430,99,99,99,99,,,,,,
130543001776,2015,13,130543001776,1305430,99,99,99,99,,,,,,
130543001777,2015,13,130543001777,1305430,99,99,99,99,0.0,104.0,223.0,106.0,,
130543001779,2015,13,130543001779,1305430,99,99,99,99,,,,,,
130543002204,2015,13,130543002204,1305430,99,99,99,99,,,,,,
130000100593,2015,13,130000100593,1300001,99,99,99,99,,,,,,
130000100596,2015,13,130000100596,1300001,99,99,99,99,,,,,,
130000100608,2015,13,130000100608,1300001,99,99,99,99,114.0,50.0,148.0,95.0,,
130000100643,2015,13,130000100643,1300001,99,99,99,99,,,,,,
130000101706,2015,13,130000101706,1300001,99,99,99,99,,,,,,
130000101710,2015,13,130000101710,1300001,99,99,99,99,,,,,,
130000101852,2015,13,130000101852,1300001,99,99,99,99,,,,,,
130000101853,2015,13,130000101853,1300001,99,99,99,99,,,,,,
130000101855,2015,13,130000101855,1300001,99,99,99,99,,,,,,
130000101856,2015,13,130000101856,1300001,99,99,99,99,,,,,,
130000101962,2015,13,130000101962,1300001,99,99,99,99,,,,,,
130000101964,2015,13,130000101964,1300001,99,99,99,99,164.0,60.0,98.0,29.0,,
130000102011,2015,13,130000102011,1300001,99,99,99,99,,,,,,
130000102443,2015,13,130000102443,1300001,99,99,99,99,,,,,,
130000102444,2015,13,130000102444,1300001,99,99,99,99,113.0,18.0,44.0,18.0,,
130000103455,2015,13,130000103455,1300001,99,99,99,99,,,,,,
130000103620,2015,13,130000103620,1300001,99,99,99,99,,,,,,
130000103789,2015,13,130000103789,1300001,99,99,99,99,,,,,,
130000502626,2015,13,130000502626,1300005,99,99,99,99,,,,,,
130002303482,2015,13,130002303482,1300023,99,99,99,99,,,,,,
130006000006,2015,13,130006000006,1300060,99,99,99,99,,,,,,
130006000007,2015,13,130006000007,1300060,99,99,99,99,,,,,,
130006000008,2015,13,130006000008,1300060,99,99,99,99,,,,,,
130006000009,2015,13,130006000009,1300060,99,99,99,99,,,,,,
130006000010,2015,13,130006000010,1300060,99,99,99,99,34.0,38.0,84.0,36.0,,
130006000011,2015,13,130006000011,1300060,99,99,99,99,,,,,,
130009000013,2015,13,130009000013,1300090,99,99,99,99,,,,,,
130009000015,2015,13,130009000015,1300090,99,99,99,99,67.0,28.0,30.0,,,
130009001965,2015,13,130009001965,1300090,99,99,99,99,,,,,,
130009003996,2015,13,130009003996,1300090,99,99,99,99,,,,,,
130012000017,2015,13,130012000017,1300120,99,99,99,99,,,,,,
130012000022,2015,13,130012000022,1300120,99,99,99,99,,,,,,
130012000025,2015,13,130012000025,1300120,99,99,99,99,,,,,,
130012000027,2015,13,130012000027,1300120,99,99,99,99,,,,,,
130012000029,2015,13,130012000029,1300120,99,99,99,99,,,,,,
130012000034,2015,13,130012000034,1300120,99,99,99,99,,,,,,
130012000036,2015,13,130012000036,1300120,99,99,99,99,,,,,,
130012000038,2015,13,130012000038,1300120,99,99,99,99,,,,,,
130012000039,2015,13,130012000039,1300120,99,99,99,99,,,,,,
130012000042,2015,13,130012000042,1300120,99,99,99,99,,,,,,
130012000043,2015,13,130012000043,1300120,99,99,99,99,,,,,,
130012000045,2015,13,130012000045,1300120,99,99,99,99,,,,,,
130012000052,2015,13,130012000052,1300120,99,99,99,99,,,,,,
130012000054,2015,13,130012000054,1300120,99,99,99,99,,,,,,
130012000058,2015,13,130012000058,1300120,99,99,99,99,,,,,,
130012000059,2015,13,130012000059,1300120,99,99,99,99,,,,,,
130012000060,2015,13,130012000060,1300120,99,99,99,99,,,,,,
130012000063,2015,13,130012000063,1300120,99,99,99,99,,,,,,
130012000066,2015,13,130012000066,1300120,99,99,99,99,123.0,70.0,311.0,234.0,,
130012000069,2015,13,130012000069,1300120,99,99,99,99,,,,,,
130012000073,2015,13,130012000073,1300120,99,99,99,99,,,,,,
130012000077,2015,13,130012000077,1300120,99,99,99,99,,,,,,
130012000085,2015,13,130012000085,1300120,99,99,99,99,,,,,,
130012000089,2015,13,130012000089,1300120,99,99,99,99,22.0,53.0,61.0,,,
130012000091,2015,13,130012000091,1300120,99,99,99,99,,,,,,
130012000092,2015,13,130012000092,1300120,99,99,99,99,,,,,,
130012000097,2015,13,130012000097,1300120,99,99,99,99,,,,,,
130012000099,2015,13,130012000099,1300120,99,99,99,99,,,,,,
130012000103,2015,13,130012000103,1300120,99,99,99,99,,,,,,
130012000106,2015,13,130012000106,1300120,99,99,99,99,,,,,,
130012000107,2015,13,130012000107,1300120,99,99,99,99,,,,,,
130012000110,2015,13,130012000110,1300120,99,99,99,99,,,,,,
130012000113,2015,13,130012000113,1300120,99,99,99,99,,,,,,
130012000118,2015,13,130012000118,1300120,99,99,99,99,,,,,,
130012000120,2015,13,130012000120,1300120,99,99,99,99,,,,,,
130012000121,2015,13,130012000121,1300120,99,99,99,99,,,,,,
130012000122,2015,13,130012000122,1300120,99,99,99,99,,,,,,
130012000124,2015,13,130012000124,1300120,99,99,99,99,,,,,,
130012000127,2015,13,130012000127,1300120,99,99,99,99,,,,,,
130012000130,2015,13,130012000130,1300120,99,99,99,99,,,,,,
130012000133,2015,13,130012000133,1300120,99,99,99,99,,,,,,
130012000136,2015,13,130012000136,1300120,99,99,99,99,,,,,,
130012000137,2015,13,130012000137,1300120,99,99,99,99,,,,,,
130012000139,2015,13,130012000139,1300120,99,99,99,99,,,,,,
130012000143,2015,13,130012000143,1300120,99,99,99,99,,,,,,
130012000147,2015,13,130012000147,1300120,99,99,99,99,,,,,,
130012000149,2015,13,130012000149,1300120,99,99,99,99,,,,,,
130012000150,2015,13,130012000150,1300120,99,99,99,99,,,,,,
130012001865,2015,13,130012001865,1300120,99,99,99,99,241.0,98.0,119.0,14.0,,
130012001866,2015,13,130012001866,1300120,99,99,99,99,,,,,,
130012001939,2015,13,130012001939,1300120,99,99,99,99,138.0,115.0,139.0,18.0,,
130012002212,2015,13,130012002212,1300120,99,99,99,99,134.0,142.0,334.0,182.0,,
130012002290,2015,13,130012002290,1300120,99,99,99,99,,,,,,
130012002344,2015,13,130012002344,1300120,99,99,99,99,,,,,,
130012002453,2015,13,130012002453,1300120,99,99,99,99,,,,,,
130012002517,2015,13,130012002517,1300120,99,99,99,99,,,,,,
130012002613,2015,13,130012002613,1300120,99,99,99,99,,,,,,
130012002615,2015,13,130012002615,1300120,99,99,99,99,,,,,,
130012002798,2015,13,130012002798,1300120,99,99,99,99,,,,,,
130012003025,2015,13,130012003025,1300120,99,99,99,99,,,,,,
130012003028,2015,13,130012003028,1300120,99,99,99,99,,,,,,
130012003029,2015,13,130012003029,1300120,99,99,99,99,,,,,,
130012003030,2015,13,130012003030,1300120,99,99,99,99,,,,,,
130012003031,2015,13,130012003031,1300120,99,99,99,99,,,,,,
130012003468,2015,13,130012003468,1300120,99,99,99,99,,,,,,
130012003470,2015,13,130012003470,1300120,99,99,99,99,,,,,,
130012003471,2015,13,130012003471,1300120,99,99,99,99,,,,,,
130012003540,2015,13,130012003540,1300120,99,99,99,99,25.0,47.0,57.0,,,
130012003541,2015,13,130012003541,1300120,99,99,99,99,,,,,,
130012003542,2015,13,130012003542,1300120,99,99,99,99,4.0,35.0,36.0,,,
130012003543,2015,13,130012003543,1300120,99,99,99,99,16.0,44.0,47.0,,,
130012003544,2015,13,130012003544,1300120,99,99,99,99,28.0,29.0,33.0,,,
130012003551,2015,13,130012003551,1300120,99,99,99,99,4.0,14.0,26.0,7.0,,
130012003556,2015,13,130012003556,1300120,99,99,99,99,4.0,26.0,31.0,4.0,,
130012003558,2015,13,130012003558,1300120,99,99,99,99,19.0,7.0,8.0,,,
130012003567,2015,13,130012003567,1300120,99,99,99,99,4.0,26.0,35.0,4.0,,
130012003589,2015,13,130012003589,1300120,99,99,99,99,,,,,,
130012003660,2015,13,130012003660,1300120,99,99,99,99,,,,,,
130012003823,2015,13,130012003823,1300120,99,99,99,99,,,,,,
130012003841,2015,13,130012003841,1300120,99,99,99,99,,,,,,
130012003980,2015,13,130012003980,1300120,99,99,99,99,14.0,37.0,38.0,,,
130012003992,2015,13,130012003992,1300120,99,99,99,99,,,,,,
130012004012,2015,13,130012004012,1300120,99,99,99,99,,,,,,
130012004059,2015,13,130012004059,1300120,99,99,99,99,4.0,77.0,114.0,35.0,,
130012004067,2015,13,130012004067,1300120,99,99,99,99,,,,,,
130012004083,2015,13,130012004083,1300120,99,99,99,99,,,,,,
130012004087,2015,13,130012004087,1300120,99,99,99,99,,,,,,
130012004091,2015,13,130012004091,1300120,99,99,99,99,,,,,,
130012004124,2015,13,130012004124,1300120,99,99,99,99,,,,,,
130012004139,2015,13,130012004139,1300120,99,99,99,99,,,,,,
130012004145,2015,13,130012004145,1300120,99,99,99,99,,,,,,
130012004155,2015,13,130012004155,1300120,99,99,99,99,,,,,,
130012004161,2015,13,130012004161,1300120,99,99,99,99,7.0,38.0,70.0,26.0,,
130012004174,2015,13,130012004174,1300120,99,99,99,99,66.0,53.0,70.0,4.0,,
130012004215,2015,13,130012004215,1300120,99,99,99,99,54.0,38.0,50.0,8.0,,
130015000151,2015,13,130015000151,1300150,99,99,99,99,,,,,,
130015000153,2015,13,130015000153,1300150,99,99,99,99,,,,,,
130015002349,2015,13,130015002349,1300150,99,99,99,99,,,,,,
130015002357,2015,13,130015002357,1300150,99,99,99,99,0.0,,39.0,38.0,,
130018001867,2015,13,130018001867,1300180,99,99,99,99,,,,,,
130021403723,2015,13,130021403723,1300214,99,99,99,99,,,,,,
130021503748,2015,13,130021503748,1300215,99,99,99,99,,,,,,
130021703961,2015,13,130021703961,1300217,99,99,99,99,,,,,,
130021803964,2015,13,130021803964,1300218,99,99,99,99,2,,0,,,
130022104021,2015,13,130022104021,1300221,99,99,99,99,,,,,,
130022204007,2015,13,130022204007,1300222,99,99,99,99,,,,,,
130022303063,2015,13,130022303063,1300223,99,99,99,99,,,,,,
130022403062,2015,13,130022403062,1300224,99,99,99,99,,,,,,
130022503061,2015,13,130022503061,1300225,99,99,99,99,,,,,,
130022604023,2015,13,130022604023,1300226,99,99,99,99,,,,,,
130022704031,2015,13,130022704031,1300227,99,99,99,99,81,22,55,26,,
130023004051,2015,13,130023004051,1300230,99,99,99,99,,,,,,
130023104095,2015,13,130023104095,1300231,99,99,99,99,18,,2,,,
130023204148,2015,13,130023204148,1300232,99,99,99,99,102,19,52,34,,
130023304164,2015,13,130023304164,1300233,99,99,99,99,,,,,,
130023404179,2015,13,130023404179,1300234,99,99,99,99,,,,,,
130023504203,2015,13,130023504203,1300235,99,99,99,99,,,,,,
130023604192,2015,13,130023604192,1300236,99,99,99,99,,,,,,
130023704193,2015,13,130023704193,1300237,99,99,99,99,,,,,,
130023804205,2015,13,130023804205,1300238,99,99,99,99,,,,,,
130024000169,2015,13,130024000169,1300240,99,99,99,99,4.0,33.0,75.0,26.0,,
130024000170,2015,13,130024000170,1300240,99,99,99,99,,,,,,
130024002015,2015,13,130024002015,1300240,99,99,99,99,,,,,,
130024003545,2015,13,130024003545,1300240,99,99,99,99,,,,,,
130029000134,2015,13,130029000134,1300290,99,99,99,99,,,,,,
130029000171,2015,13,130029000171,1300290,99,99,99,99,,,,,,
130029000172,2015,13,130029000172,1300290,99,99,99,99,,,,,,
130029000173,2015,13,130029000173,1300290,99,99,99,99,155.0,,191.0,185.0,,
130029000174,2015,13,130029000174,1300290,99,99,99,99,,,,,,
130029000175,2015,13,130029000175,1300290,99,99,99,99,,,,,,
130029000176,2015,13,130029000176,1300290,99,99,99,99,,,,,,
130029000178,2015,13,130029000178,1300290,99,99,99,99,,,,,,
130029001913,2015,13,130029001913,1300290,99,99,99,99,,,,,,
130029002016,2015,13,130029002016,1300290,99,99,99,99,,,,,,
130029002017,2015,13,130029002017,1300290,99,99,99,99,,,,,,
130029002293,2015,13,130029002293,1300290,99,99,99,99,,,,,,
130029002350,2015,13,130029002350,1300290,99,99,99,99,217.0,28.0,311.0,280.0,,
130029003285,2015,13,130029003285,1300290,99,99,99,99,,,,,,
130029004037,2015,13,130029004037,1300290,99,99,99,99,,,,,,
130033000179,2015,13,130033000179,1300330,99,99,99,99,,,,,,
130033000180,2015,13,130033000180,1300330,99,99,99,99,,,,,,
130033000181,2015,13,130033000181,1300330,99,99,99,99,45.0,55.0,106.0,46.0,,
130033000183,2015,13,130033000183,1300330,99,99,99,99,,,,,,
130033000185,2015,13,130033000185,1300330,99,99,99,99,,,,,,
130033000186,2015,13,130033000186,1300330,99,99,99,99,,,,,,
130033000187,2015,13,130033000187,1300330,99,99,99,99,,,,,,
130033000189,2015,13,130033000189,1300330,99,99,99,99,,,,,,
130033001078,2015,13,130033001078,1300330,99,99,99,99,,,,,,
130033001868,2015,13,130033001868,1300330,99,99,99,99,,,,,,
130033001914,2015,13,130033001914,1300330,99,99,99,99,63.0,59.0,146.0,78.0,,
130033001940,2015,13,130033001940,1300330,99,99,99,99,,,,,,
130033002060,2015,13,130033002060,1300330,99,99,99,99,,,,,,
130033002294,2015,13,130033002294,1300330,99,99,99,99,,,,,,
130033002351,2015,13,130033002351,1300330,99,99,99,99,,,,,,
130033002352,2015,13,130033002352,1300330,99,99,99,99,23.0,42.0,107.0,65.0,,
130033002464,2015,13,130033002464,1300330,99,99,99,99,,,,,,
130033003287,2015,13,130033003287,1300330,99,99,99,99,,,,,,
130033003586,2015,13,130033003586,1300330,99,99,99,99,,,,,,
130039000192,2015,13,130039000192,1300390,99,99,99,99,4.0,23.0,36.0,11.0,,
130039000195,2015,13,130039000195,1300390,99,99,99,99,,,,,,
130039000228,2015,13,130039000228,1300390,99,99,99,99,,,,,,
130039000787,2015,13,130039000787,1300390,99,99,99,99,,,,,,
130039003523,2015,13,130039003523,1300390,99,99,99,99,,,,,,
130042000198,2015,13,130042000198,1300420,99,99,99,99,,,,,,
130042000201,2015,13,130042000201,1300420,99,99,99,99,,,,,,
130042000203,2015,13,130042000203,1300420,99,99,99,99,,,,,,
130042000212,2015,13,130042000212,1300420,99,99,99,99,,,,,,
130042000218,2015,13,130042000218,1300420,99,99,99,99,,,,,,
130042000221,2015,13,130042000221,1300420,99,99,99,99,,,,,,
130042000225,2015,13,130042000225,1300420,99,99,99,99,,,,,,
130042000226,2015,13,130042000226,1300420,99,99,99,99,,,,,,
130042000227,2015,13,130042000227,1300420,99,99,99,99,,,,,,
130042000230,2015,13,130042000230,1300420,99,99,99,99,,,,,,
130042000241,2015,13,130042000241,1300420,99,99,99,99,,,,,,
130042000246,2015,13,130042000246,1300420,99,99,99,99,,,,,,
130042000247,2015,13,130042000247,1300420,99,99,99,99,,,,,,
130042000790,2015,13,130042000790,1300420,99,99,99,99,,,,,,
130042001416,2015,13,130042001416,1300420,99,99,99,99,,,,,,
130042001869,2015,13,130042001869,1300420,99,99,99,99,,,,,,
130042001918,2015,13,130042001918,1300420,99,99,99,99,20.0,179.0,187.0,4.0,,
130042001942,2015,13,130042001942,1300420,99,99,99,99,17.0,216.0,236.0,16.0,,
130042001943,2015,13,130042001943,1300420,99,99,99,99,4.0,56.0,62.0,,,
130042001944,2015,13,130042001944,1300420,99,99,99,99,10.0,80.0,81.0,,,
130042002096,2015,13,130042002096,1300420,99,99,99,99,,,,,,
130042002234,2015,13,130042002234,1300420,99,99,99,99,,,,,,
130042002472,2015,13,130042002472,1300420,99,99,99,99,,,,,,
130042002473,2015,13,130042002473,1300420,99,99,99,99,,,,,,
130042002474,2015,13,130042002474,1300420,99,99,99,99,,,,,,
130042002477,2015,13,130042002477,1300420,99,99,99,99,,,,,,
130042002604,2015,13,130042002604,1300420,99,99,99,99,,,,,,
130042002610,2015,13,130042002610,1300420,99,99,99,99,26.0,261.0,296.0,36.0,,
130042002620,2015,13,130042002620,1300420,99,99,99,99,,,,,,
130042003290,2015,13,130042003290,1300420,99,99,99,99,,,,,,
130042003292,2015,13,130042003292,1300420,99,99,99,99,,,,,,
130042003621,2015,13,130042003621,1300420,99,99,99,99,,,,,,
130042003667,2015,13,130042003667,1300420,99,99,99,99,,,,,,
130042003676,2015,13,130042003676,1300420,99,99,99,99,,,,,,
130042003726,2015,13,130042003726,1300420,99,99,99,99,14.0,208.0,308.0,90.0,,
130042003744,2015,13,130042003744,1300420,99,99,99,99,,,,,,
130042004038,2015,13,130042004038,1300420,99,99,99,99,,,,,,
130042004078,2015,13,130042004078,1300420,99,99,99,99,,,,,,
130042004176,2015,13,130042004176,1300420,99,99,99,99,,,,,,
130042004190,2015,13,130042004190,1300420,99,99,99,99,,,,,,
130042004198,2015,13,130042004198,1300420,99,99,99,99,,,,,,
130042004204,2015,13,130042004204,1300420,99,99,99,99,,,,,,
130048000232,2015,13,130048000232,1300480,99,99,99,99,,,,,,
130048000234,2015,13,130048000234,1300480,99,99,99,99,,,,,,
130048000257,2015,13,130048000257,1300480,99,99,99,99,,,,,,
130048000258,2015,13,130048000258,1300480,99,99,99,99,,,,,,
130048001946,2015,13,130048001946,1300480,99,99,99,99,,,,,,
130048002295,2015,13,130048002295,1300480,99,99,99,99,,,,,,
130048003907,2015,13,130048003907,1300480,99,99,99,99,,,,,,
130051000260,2015,13,130051000260,1300510,99,99,99,99,,,,,,
130051002455,2015,13,130051002455,1300510,99,99,99,99,7.0,14.0,46.0,27.0,,
130051003757,2015,13,130051003757,1300510,99,99,99,99,,,,,,
130051003762,2015,13,130051003762,1300510,99,99,99,99,,,,,,
130054000141,2015,13,130054000141,1300540,99,99,99,99,,,,,,
130054000207,2015,13,130054000207,1300540,99,99,99,99,,,,,,
130054000263,2015,13,130054000263,1300540,99,99,99,99,,,,,,
130054001417,2015,13,130054001417,1300540,99,99,99,99,,,,,,
130057000086,2015,13,130057000086,1300570,99,99,99,99,,,,,,
130057001872,2015,13,130057001872,1300570,99,99,99,99,,,,,,
130057001873,2015,13,130057001873,1300570,99,99,99,99,77.0,113.0,386.0,260.0,,
130057001948,2015,13,130057001948,1300570,99,99,99,99,,,,,,
130057002235,2015,13,130057002235,1300570,99,99,99,99,,,,,,
130057002368,2015,13,130057002368,1300570,99,99,99,99,,,,,,
130057002389,2015,13,130057002389,1300570,99,99,99,99,,,,,,
130057002395,2015,13,130057002395,1300570,99,99,99,99,,,,,,
130057002396,2015,13,130057002396,1300570,99,99,99,99,38.0,43.0,50.0,8.0,,
130057004189,2015,13,130057004189,1300570,99,99,99,99,,,,,,
130060000274,2015,13,130060000274,1300600,99,99,99,99,0.0,59.0,385.0,322.0,,
130060000275,2015,13,130060000275,1300600,99,99,99,99,,,,,,
130060000276,2015,13,130060000276,1300600,99,99,99,99,,,,,,
130060002345,2015,13,130060002345,1300600,99,99,99,99,,,,,,
130063000277,2015,13,130063000277,1300630,99,99,99,99,,,,,,
130063000281,2015,13,130063000281,1300630,99,99,99,99,0.0,11.0,18.0,,,
130063000283,2015,13,130063000283,1300630,99,99,99,99,,,,,,
130063000285,2015,13,130063000285,1300630,99,99,99,99,77.0,50.0,129.0,77.0,,
130063000287,2015,13,130063000287,1300630,99,99,99,99,,,,,,
130063000288,2015,13,130063000288,1300630,99,99,99,99,,,,,,
130063000290,2015,13,130063000290,1300630,99,99,99,99,,,,,,
130063002236,2015,13,130063002236,1300630,99,99,99,99,,,,,,
130063002237,2015,13,130063002237,1300630,99,99,99,99,,,,,,
130063002238,2015,13,130063002238,1300630,99,99,99,99,,,,,,
130063002296,2015,13,130063002296,1300630,99,99,99,99,,,,,,
130063002297,2015,13,130063002297,1300630,99,99,99,99,,,,,,
130063002298,2015,13,130063002298,1300630,99,99,99,99,,,,,,
130063003549,2015,13,130063003549,1300630,99,99,99,99,,,,,,
130063003550,2015,13,130063003550,1300630,99,99,99,99,15.0,8.0,17.0,8.0,,
130069000301,2015,13,130069000301,1300690,99,99,99,99,0.0,46.0,94.0,43.0,,
130069002353,2015,13,130069002353,1300690,99,99,99,99,,,,,,
130069002819,2015,13,130069002819,1300690,99,99,99,99,,,,,,
130069003818,2015,13,130069003818,1300690,99,99,99,99,,,,,,
130069003846,2015,13,130069003846,1300690,99,99,99,99,,,,,,
130072000305,2015,13,130072000305,1300720,99,99,99,99,80.0,151.0,267.0,180.0,,
130072000306,2015,13,130072000306,1300720,99,99,99,99,,,,,,
130072000307,2015,13,130072000307,1300720,99,99,99,99,,,,,,
130072002216,2015,13,130072002216,1300720,99,99,99,99,,,,,,
130075000311,2015,13,130075000311,1300750,99,99,99,99,,,,,,
130075004081,2015,13,130075004081,1300750,99,99,99,99,7.0,,0.0,,,
130075004098,2015,13,130075004098,1300750,99,99,99,99,,,,,,
130081000316,2015,13,130081000316,1300810,99,99,99,99,,,,,,
130081000317,2015,13,130081000317,1300810,99,99,99,99,53.0,,16.0,11.0,,
130081000318,2015,13,130081000318,1300810,99,99,99,99,,,,,,
130081002404,2015,13,130081002404,1300810,99,99,99,99,,,,,,
130084000319,2015,13,130084000319,1300840,99,99,99,99,,,,,,
130084000320,2015,13,130084000320,1300840,99,99,99,99,,,,,,
130084000321,2015,13,130084000321,1300840,99,99,99,99,,,,,,
130084000324,2015,13,130084000324,1300840,99,99,99,99,30.0,102.0,208.0,102.0,,
130084000325,2015,13,130084000325,1300840,99,99,99,99,,,,,,
130084000326,2015,13,130084000326,1300840,99,99,99,99,,,,,,
130084000328,2015,13,130084000328,1300840,99,99,99,99,,,,,,
130084000330,2015,13,130084000330,1300840,99,99,99,99,4.0,33.0,35.0,,,
130084000331,2015,13,130084000331,1300840,99,99,99,99,99.0,75.0,140.0,54.0,,
130084000332,2015,13,130084000332,1300840,99,99,99,99,,,,,,
130084000333,2015,13,130084000333,1300840,99,99,99,99,,,,,,
130084002097,2015,13,130084002097,1300840,99,99,99,99,132.0,17.0,35.0,4.0,,
130084002239,2015,13,130084002239,1300840,99,99,99,99,,,,,,
130084002240,2015,13,130084002240,1300840,99,99,99,99,,,,,,
130084002299,2015,13,130084002299,1300840,99,99,99,99,,,,,,
130084002356,2015,13,130084002356,1300840,99,99,99,99,,,,,,
130084002452,2015,13,130084002452,1300840,99,99,99,99,,,,,,
130084003301,2015,13,130084003301,1300840,99,99,99,99,,,,,,
130084003302,2015,13,130084003302,1300840,99,99,99,99,,,,,,
130084003303,2015,13,130084003303,1300840,99,99,99,99,,,,,,
130084003483,2015,13,130084003483,1300840,99,99,99,99,,,,,,
130084003562,2015,13,130084003562,1300840,99,99,99,99,,,,,,
130084003582,2015,13,130084003582,1300840,99,99,99,99,17.0,14.0,21.0,,,
130084003982,2015,13,130084003982,1300840,99,99,99,99,,,,,,
130084004101,2015,13,130084004101,1300840,99,99,99,99,,,,,,
130087000088,2015,13,130087000088,1300870,99,99,99,99,,,,,,
130087000334,2015,13,130087000334,1300870,99,99,99,99,252.0,123.0,239.0,107.0,,
130087000336,2015,13,130087000336,1300870,99,99,99,99,,,,,,
130087003474,2015,13,130087003474,1300870,99,99,99,99,,,,,,
130090000341,2015,13,130090000341,1300900,99,99,99,99,98.0,206.0,323.0,116.0,,
130090000342,2015,13,130090000342,1300900,99,99,99,99,,,,,,
130090000343,2015,13,130090000343,1300900,99,99,99,99,,,,,,
130090002098,2015,13,130090002098,1300900,99,99,99,99,,,,,,
130093000346,2015,13,130093000346,1300930,99,99,99,99,,,,,,
130093000347,2015,13,130093000347,1300930,99,99,99,99,,,,,,
130093000348,2015,13,130093000348,1300930,99,99,99,99,,,,,,
130093000349,2015,13,130093000349,1300930,99,99,99,99,,,,,,
130093000350,2015,13,130093000350,1300930,99,99,99,99,93.0,14.0,48.0,27.0,,
130093000351,2015,13,130093000351,1300930,99,99,99,99,,,,,,
130093000352,2015,13,130093000352,1300930,99,99,99,99,,,,,,
130093000353,2015,13,130093000353,1300930,99,99,99,99,363.0,11.0,18.0,8.0,,
130093000355,2015,13,130093000355,1300930,99,99,99,99,,,,,,
130093000845,2015,13,130093000845,1300930,99,99,99,99,,,,,,
130093001934,2015,13,130093001934,1300930,99,99,99,99,,,,,,
130093002300,2015,13,130093002300,1300930,99,99,99,99,,,,,,
130093002496,2015,13,130093002496,1300930,99,99,99,99,,,,,,
130093003304,2015,13,130093003304,1300930,99,99,99,99,,,,,,
130093003305,2015,13,130093003305,1300930,99,99,99,99,,,,,,
130093003688,2015,13,130093003688,1300930,99,99,99,99,174.0,84.0,151.0,56.0,,
130099000358,2015,13,130099000358,1300990,99,99,99,99,,,,,,
130099000359,2015,13,130099000359,1300990,99,99,99,99,,,,,,
130099002241,2015,13,130099002241,1300990,99,99,99,99,,,,,,
130099004016,2015,13,130099004016,1300990,99,99,99,99,,,,,,
130105000416,2015,13,130105000416,1301050,99,99,99,99,,,,,,
130105002358,2015,13,130105002358,1301050,99,99,99,99,,,,,,
130105003525,2015,13,130105003525,1301050,99,99,99,99,27.0,15.0,30.0,8.0,,
130111000114,2015,13,130111000114,1301110,99,99,99,99,,,,,,
130111000425,2015,13,130111000425,1301110,99,99,99,99,109.0,154.0,557.0,403.0,,
130111000428,2015,13,130111000428,1301110,99,99,99,99,,,,,,
130111000429,2015,13,130111000429,1301110,99,99,99,99,,,,,,
130111000431,2015,13,130111000431,1301110,99,99,99,99,,,,,,
130111000432,2015,13,130111000432,1301110,99,99,99,99,157.0,108.0,366.0,254.0,,
130111000434,2015,13,130111000434,1301110,99,99,99,99,,,,,,
130111000435,2015,13,130111000435,1301110,99,99,99,99,,,,,,
130111000437,2015,13,130111000437,1301110,99,99,99,99,,,,,,
130111000438,2015,13,130111000438,1301110,99,99,99,99,,,,,,
130111001105,2015,13,130111001105,1301110,99,99,99,99,,,,,,
130111001428,2015,13,130111001428,1301110,99,99,99,99,88.0,93.0,477.0,381.0,,
130111001438,2015,13,130111001438,1301110,99,99,99,99,,,,,,
130111001443,2015,13,130111001443,1301110,99,99,99,99,,,,,,
130111001860,2015,13,130111001860,1301110,99,99,99,99,,,,,,
130111001878,2015,13,130111001878,1301110,99,99,99,99,,,,,,
130111001970,2015,13,130111001970,1301110,99,99,99,99,,,,,,
130111001971,2015,13,130111001971,1301110,99,99,99,99,,,,,,
130111002020,2015,13,130111002020,1301110,99,99,99,99,,,,,,
130111002055,2015,13,130111002055,1301110,99,99,99,99,,,,,,
130111002066,2015,13,130111002066,1301110,99,99,99,99,,,,,,
130111002100,2015,13,130111002100,1301110,99,99,99,99,73.0,51.0,336.0,274.0,,
130111002359,2015,13,130111002359,1301110,99,99,99,99,,,,,,
130111002360,2015,13,130111002360,1301110,99,99,99,99,,,,,,
130111002521,2015,13,130111002521,1301110,99,99,99,99,,,,,,
130111003308,2015,13,130111003308,1301110,99,99,99,99,104.0,100.0,443.0,337.0,,
130111003309,2015,13,130111003309,1301110,99,99,99,99,,,,,,
130111003310,2015,13,130111003310,1301110,99,99,99,99,,,,,,
130111003312,2015,13,130111003312,1301110,99,99,99,99,,,,,,
130111003526,2015,13,130111003526,1301110,99,99,99,99,,,,,,
130111003769,2015,13,130111003769,1301110,99,99,99,99,,,,,,
130111003780,2015,13,130111003780,1301110,99,99,99,99,,,,,,
130111003821,2015,13,130111003821,1301110,99,99,99,99,,,,,,
130111003909,2015,13,130111003909,1301110,99,99,99,99,,,,,,
130111004019,2015,13,130111004019,1301110,99,99,99,99,274.0,161.0,377.0,213.0,,
130111004033,2015,13,130111004033,1301110,99,99,99,99,,,,,,
130111004072,2015,13,130111004072,1301110,99,99,99,99,,,,,,
130114000441,2015,13,130114000441,1301140,99,99,99,99,,,,,,
130114002456,2015,13,130114002456,1301140,99,99,99,99,,,,,,
130114002457,2015,13,130114002457,1301140,99,99,99,99,66.0,,4.0,,,
130120002833,2015,13,130120002833,1301200,99,99,99,99,,,,,,
130120002834,2015,13,130120002834,1301200,99,99,99,99,,,,,,
130120004125,2015,13,130120004125,1301200,99,99,99,99,,,,,,
130126000504,2015,13,130126000504,1301260,99,99,99,99,,,,,,
130126002106,2015,13,130126002106,1301260,99,99,99,99,,,,,,
130126002362,2015,13,130126002362,1301260,99,99,99,99,,,,,,
130135000576,2015,13,130135000576,1301350,99,99,99,99,,,,,,
130135000577,2015,13,130135000577,1301350,99,99,99,99,,,,,,
130135000578,2015,13,130135000578,1301350,99,99,99,99,,,,,,
130135000579,2015,13,130135000579,1301350,99,99,99,99,,,,,,
130135000581,2015,13,130135000581,1301350,99,99,99,99,22.0,53.0,132.0,64.0,,
130135000582,2015,13,130135000582,1301350,99,99,99,99,,,,,,
130135001883,2015,13,130135001883,1301350,99,99,99,99,,,,,,
130135001884,2015,13,130135001884,1301350,99,99,99,99,,,,,,
130135002306,2015,13,130135002306,1301350,99,99,99,99,,,,,,
130135003321,2015,13,130135003321,1301350,99,99,99,99,,,,,,
130135003323,2015,13,130135003323,1301350,99,99,99,99,,,,,,
130135004131,2015,13,130135004131,1301350,99,99,99,99,,,,,,
130138000584,2015,13,130138000584,1301380,99,99,99,99,,,,,,
130138000585,2015,13,130138000585,1301380,99,99,99,99,,,,,,
130138000586,2015,13,130138000586,1301380,99,99,99,99,,,,,,
130138000587,2015,13,130138000587,1301380,99,99,99,99,,,,,,
130138000588,2015,13,130138000588,1301380,99,99,99,99,4.0,8.0,23.0,4.0,,
130138000589,2015,13,130138000589,1301380,99,99,99,99,,,,,,
130138000590,2015,13,130138000590,1301380,99,99,99,99,,,,,,
130138000591,2015,13,130138000591,1301380,99,99,99,99,0.0,130.0,216.0,81.0,,
130138000594,2015,13,130138000594,1301380,99,99,99,99,,,,,,
130138000595,2015,13,130138000595,1301380,99,99,99,99,,,,,,
130138000597,2015,13,130138000597,1301380,99,99,99,99,,,,,,
130138000598,2015,13,130138000598,1301380,99,99,99,99,,,,,,
130138001975,2015,13,130138001975,1301380,99,99,99,99,,,,,,
130138004052,2015,13,130138004052,1301380,99,99,99,99,,,,,,
130141000126,2015,13,130141000126,1301410,99,99,99,99,,,,,,
130141000248,2015,13,130141000248,1301410,99,99,99,99,,,,,,
130141000599,2015,13,130141000599,1301410,99,99,99,99,,,,,,
130141000601,2015,13,130141000601,1301410,99,99,99,99,,,,,,
130141000602,2015,13,130141000602,1301410,99,99,99,99,,,,,,
130141000603,2015,13,130141000603,1301410,99,99,99,99,111.0,82.0,296.0,207.0,,
130141000604,2015,13,130141000604,1301410,99,99,99,99,,,,,,
130141000606,2015,13,130141000606,1301410,99,99,99,99,,,,,,
130141000607,2015,13,130141000607,1301410,99,99,99,99,,,,,,
130141000610,2015,13,130141000610,1301410,99,99,99,99,,,,,,
130141000611,2015,13,130141000611,1301410,99,99,99,99,,,,,,
130141001501,2015,13,130141001501,1301410,99,99,99,99,387.0,109.0,403.0,286.0,,
130141001502,2015,13,130141001502,1301410,99,99,99,99,,,,,,
130141001506,2015,13,130141001506,1301410,99,99,99,99,,,,,,
130141001885,2015,13,130141001885,1301410,99,99,99,99,86.0,61.0,100.0,29.0,,
130141001886,2015,13,130141001886,1301410,99,99,99,99,,,,,,
130141001996,2015,13,130141001996,1301410,99,99,99,99,,,,,,
130141001997,2015,13,130141001997,1301410,99,99,99,99,,,,,,
130141002025,2015,13,130141002025,1301410,99,99,99,99,242.0,137.0,467.0,327.0,,
130141002072,2015,13,130141002072,1301410,99,99,99,99,,,,,,
130141002073,2015,13,130141002073,1301410,99,99,99,99,,,,,,
130141002161,2015,13,130141002161,1301410,99,99,99,99,,,,,,
130141002366,2015,13,130141002366,1301410,99,99,99,99,,,,,,
130141002528,2015,13,130141002528,1301410,99,99,99,99,,,,,,
130141002848,2015,13,130141002848,1301410,99,99,99,99,,,,,,
130141003325,2015,13,130141003325,1301410,99,99,99,99,,,,,,
130141003554,2015,13,130141003554,1301410,99,99,99,99,,,,,,
130141003694,2015,13,130141003694,1301410,99,99,99,99,,,,,,
130141003903,2015,13,130141003903,1301410,99,99,99,99,274.0,192.0,422.0,228.0,,
130141004042,2015,13,130141004042,1301410,99,99,99,99,,,,,,
130144000621,2015,13,130144000621,1301440,99,99,99,99,,,,,,
130144000622,2015,13,130144000622,1301440,99,99,99,99,0.0,14.0,69.0,37.0,,
130144000623,2015,13,130144000623,1301440,99,99,99,99,,,,,,
130144003617,2015,13,130144003617,1301440,99,99,99,99,,,,,,
130147000628,2015,13,130147000628,1301470,99,99,99,99,,,,,,
130147001107,2015,13,130147001107,1301470,99,99,99,99,,,,,,
130147003327,2015,13,130147003327,1301470,99,99,99,99,,,,,,
130147003900,2015,13,130147003900,1301470,99,99,99,99,16.0,20.0,43.0,11.0,,
130150000208,2015,13,130150000208,1301500,99,99,99,99,,,,,,
130150000747,2015,13,130150000747,1301500,99,99,99,99,,,,,,
130150000748,2015,13,130150000748,1301500,99,99,99,99,,,,,,
130150000750,2015,13,130150000750,1301500,99,99,99,99,,,,,,
130150000751,2015,13,130150000751,1301500,99,99,99,99,,,,,,
130150000753,2015,13,130150000753,1301500,99,99,99,99,,,,,,
130150000754,2015,13,130150000754,1301500,99,99,99,99,285.0,106.0,252.0,141.0,,
130150000755,2015,13,130150000755,1301500,99,99,99,99,,,,,,
130150000760,2015,13,130150000760,1301500,99,99,99,99,,,,,,
130150000761,2015,13,130150000761,1301500,99,99,99,99,,,,,,
130150000762,2015,13,130150000762,1301500,99,99,99,99,,,,,,
130150000816,2015,13,130150000816,1301500,99,99,99,99,,,,,,
130150000818,2015,13,130150000818,1301500,99,99,99,99,,,,,,
130150000825,2015,13,130150000825,1301500,99,99,99,99,,,,,,
130150001108,2015,13,130150001108,1301500,99,99,99,99,424.0,,18.0,14.0,,
130150002026,2015,13,130150002026,1301500,99,99,99,99,,,,,,
130150002027,2015,13,130150002027,1301500,99,99,99,99,,,,,,
130150002028,2015,13,130150002028,1301500,99,99,99,99,353.0,104.0,271.0,158.0,,
130150002162,2015,13,130150002162,1301500,99,99,99,99,,,,,,
130150002251,2015,13,130150002251,1301500,99,99,99,99,,,,,,
130150002252,2015,13,130150002252,1301500,99,99,99,99,,,,,,
130150002307,2015,13,130150002307,1301500,99,99,99,99,,,,,,
130150002367,2015,13,130150002367,1301500,99,99,99,99,,,,,,
130150002531,2015,13,130150002531,1301500,99,99,99,99,,,,,,
130150003328,2015,13,130150003328,1301500,99,99,99,99,,,,,,
130150003329,2015,13,130150003329,1301500,99,99,99,99,,,,,,
130150003637,2015,13,130150003637,1301500,99,99,99,99,,,,,,
130150003881,2015,13,130150003881,1301500,99,99,99,99,,,,,,
130153000080,2015,13,130153000080,1301530,99,99,99,99,0.0,12.0,14.0,,,
130153000766,2015,13,130153000766,1301530,99,99,99,99,,,,,,
130153002151,2015,13,130153002151,1301530,99,99,99,99,,,,,,
130156000769,2015,13,130156000769,1301560,99,99,99,99,2.0,33.0,80.0,38.0,,
130156000771,2015,13,130156000771,1301560,99,99,99,99,,,,,,
130156000772,2015,13,130156000772,1301560,99,99,99,99,,,,,,
130156001508,2015,13,130156001508,1301560,99,99,99,99,,,,,,
130156004157,2015,13,130156004157,1301560,99,99,99,99,,,,,,
130159000775,2015,13,130159000775,1301590,99,99,99,99,0.0,125.0,140.0,4.0,,
130159000777,2015,13,130159000777,1301590,99,99,99,99,,,,,,
130159000778,2015,13,130159000778,1301590,99,99,99,99,,,,,,
130159000868,2015,13,130159000868,1301590,99,99,99,99,,,,,,
130162000782,2015,13,130162000782,1301620,99,99,99,99,,,,,,
130162000783,2015,13,130162000783,1301620,99,99,99,99,,,,,,
130162000786,2015,13,130162000786,1301620,99,99,99,99,206.0,124.0,287.0,166.0,,
130162000788,2015,13,130162000788,1301620,99,99,99,99,,,,,,
130162002458,2015,13,130162002458,1301620,99,99,99,99,,,,,,
130162002459,2015,13,130162002459,1301620,99,99,99,99,,,,,,
130162002460,2015,13,130162002460,1301620,99,99,99,99,,,,,,
130162003476,2015,13,130162003476,1301620,99,99,99,99,,,,,,
130162003836,2015,13,130162003836,1301620,99,99,99,99,6.0,8.0,16.0,,,
130165001952,2015,13,130165001952,1301650,99,99,99,99,,,,,,
130165002030,2015,13,130165002030,1301650,99,99,99,99,,,,,,
130165002253,2015,13,130165002253,1301650,99,99,99,99,25.0,50.0,119.0,56.0,,
130165002254,2015,13,130165002254,1301650,99,99,99,99,,,,,,
130165002536,2015,13,130165002536,1301650,99,99,99,99,,,,,,
130165003623,2015,13,130165003623,1301650,99,99,99,99,,,,,,
130165004005,2015,13,130165004005,1301650,99,99,99,99,,,,,,
130168000796,2015,13,130168000796,1301680,99,99,99,99,,,,,,
130168000798,2015,13,130168000798,1301680,99,99,99,99,,,,,,
130168000799,2015,13,130168000799,1301680,99,99,99,99,,,,,,
130168000802,2015,13,130168000802,1301680,99,99,99,99,0.0,101.0,414.0,308.0,,
130168002618,2015,13,130168002618,1301680,99,99,99,99,,,,,,
130168004028,2015,13,130168004028,1301680,99,99,99,99,,,,,,
130168004156,2015,13,130168004156,1301680,99,99,99,99,,,,,,
130168099998,2015,13,130168000795,1301680,99,99,99,99,,,,,,
130171000612,2015,13,130171000612,1301710,99,99,99,99,2.0,86.0,110.0,21.0,,
130171000613,2015,13,130171000613,1301710,99,99,99,99,,,,,,
130171000614,2015,13,130171000614,1301710,99,99,99,99,,,,,,
130171000616,2015,13,130171000616,1301710,99,99,99,99,,,,,,
130171000617,2015,13,130171000617,1301710,99,99,99,99,,,,,,
130171000619,2015,13,130171000619,1301710,99,99,99,99,,,,,,
130171000620,2015,13,130171000620,1301710,99,99,99,99,,,,,,
130171002111,2015,13,130171002111,1301710,99,99,99,99,,,,,,
