crdc_id,year,ncessch,fips,leaid,allegations_harass_sex,allegations_harass_race,allegations_harass_disability,allegations_harass_orientation,allegations_harass_religion
130002603487,2015,130002603487,13,1300026,0,0,0,0,0
130002603488,2015,130002603488,13,1300026,2,0,0,0,0
130002603490,2015,130002603490,13,1300026,0,0,0,0,0
130002603492,2015,130002603492,13,1300026,2,0,0,0,0
130002603496,2015,130002603496,13,1300026,0,0,0,0,0
130002603498,2015,130002603498,13,1300026,0,0,0,0,0
130002603500,2015,130002603500,13,1300026,0,0,0,0,0
130002603501,2015,130002603501,13,1300026,0,0,0,0,0
130002603503,2015,130002603503,13,1300026,0,0,0,0,0
130002603504,2015,130002603504,13,1300026,0,0,0,0,0
130002603505,2015,130002603505,13,1300026,0,0,0,0,0
130002603506,2015,130002603506,13,1300026,0,0,0,0,0
130002603509,2015,130002603509,13,1300026,0,0,0,0,0
130002603510,2015,130002603510,13,1300026,0,0,0,0,0
130002603511,2015,130002603511,13,1300026,0,0,0,0,0
130002603512,2015,130002603512,13,1300026,0,0,0,0,0
130002603513,2015,130002603513,13,1300026,0,0,0,0,0
130002603514,2015,130002603514,13,1300026,0,0,0,0,0
130002603515,2015,130002603515,13,1300026,0,0,0,0,0
130002603517,2015,130002603517,13,1300026,1,0,0,0,0
130002603518,2015,130002603518,13,1300026,0,0,0,0,0
130002603650,2015,130002603650,13,1300026,0,0,0,0,0
130002603806,2015,130002603806,13,1300026,1,0,0,0,0
130002604089,2015,130002604089,13,1300026,0,0,0,0,0
130002604141,2015,130002604141,13,1300026,0,0,0,0,0
130002604194,2015,130002604194,13,1300026,0,0,0,0,0
130021000158,2015,130021000158,13,1300210,0,0,0,0,0
130021000224,2015,130021000224,13,1300210,0,0,0,0,0
130021000781,2015,130021000781,13,1300210,0,0,0,0,0
130021002291,2015,130021002291,13,1300210,0,0,0,0,0
130021002347,2015,130021002347,13,1300210,3,0,0,3,0
130021003283,2015,130021003283,13,1300210,0,0,0,0,0
130036000190,2015,130036000190,13,1300360,0,0,0,0,0
130036000931,2015,130036000931,13,1300360,0,0,0,0,0
130036002148,2015,130036002148,13,1300360,0,0,0,0,0
130036002149,2015,130036002149,13,1300360,4,1,3,2,1
130044000253,2015,130044000253,13,1300440,0,0,0,0,0
130044000254,2015,130044000254,13,1300440,0,0,0,0,0
130044000256,2015,130044000256,13,1300440,0,0,0,0,0
130044001920,2015,130044001920,13,1300440,0,0,0,0,0
130044004162,2015,130044004162,13,1300440,0,0,0,0,0
130066000293,2015,130066000293,13,1300660,0,0,0,0,0
130066001990,2015,130066001990,13,1300660,0,0,0,0,0
130066001991,2015,130066001991,13,1300660,0,0,0,0,0
130066001992,2015,130066001992,13,1300660,0,0,0,0,0
130066002817,2015,130066002817,13,1300660,2,0,0,2,0
130078000236,2015,130078000236,13,1300780,0,0,0,4,0
130078000237,2015,130078000237,13,1300780,0,0,0,0,0
130078000313,2015,130078000313,13,1300780,2,2,0,0,0
130078000315,2015,130078000315,13,1300780,5,0,0,0,0
130078000791,2015,130078000791,13,1300780,0,0,0,0,0
130078000794,2015,130078000794,13,1300780,1,0,0,0,0
130078001875,2015,130078001875,13,1300780,8,6,0,3,1
130078001941,2015,130078001941,13,1300780,0,0,0,0,0
130078001969,2015,130078001969,13,1300780,0,0,0,0,0
130078002063,2015,130078002063,13,1300780,0,0,0,0,0
130078002355,2015,130078002355,13,1300780,0,0,0,0,0
130078003299,2015,130078003299,13,1300780,0,0,0,0,0
130102000238,2015,130102000238,13,1301020,0,0,0,0,0
130102000362,2015,130102000362,13,1301020,0,0,0,0,0
130102000363,2015,130102000363,13,1301020,0,0,0,0,0
130102000364,2015,130102000364,13,1301020,0,0,0,0,0
130102000365,2015,130102000365,13,1301020,0,0,0,0,0
130102000366,2015,130102000366,13,1301020,0,0,0,0,0
130102000369,2015,130102000369,13,1301020,0,0,0,0,0
130102000370,2015,130102000370,13,1301020,0,0,0,0,0
130102000373,2015,130102000373,13,1301020,0,0,0,0,0
130102000374,2015,130102000374,13,1301020,0,0,0,0,0
130102000375,2015,130102000375,13,1301020,0,0,0,0,0
130102000376,2015,130102000376,13,1301020,0,0,0,0,0
130102000377,2015,130102000377,13,1301020,0,0,0,0,0
130102000381,2015,130102000381,13,1301020,0,0,0,0,0
130102000382,2015,130102000382,13,1301020,0,0,0,0,0
130102000385,2015,130102000385,13,1301020,0,0,0,0,0
130102000386,2015,130102000386,13,1301020,0,0,0,0,0
130102000387,2015,130102000387,13,1301020,0,0,0,0,0
130102000388,2015,130102000388,13,1301020,0,0,0,0,0
130102000389,2015,130102000389,13,1301020,0,0,0,0,0
130102000392,2015,130102000392,13,1301020,0,0,0,0,0
130102000393,2015,130102000393,13,1301020,0,0,0,0,0
130102000394,2015,130102000394,13,1301020,0,0,0,0,0
130102000396,2015,130102000396,13,1301020,0,0,0,0,0
130102000400,2015,130102000400,13,1301020,0,0,0,0,0
130102000401,2015,130102000401,13,1301020,0,0,0,0,0
130102000402,2015,130102000402,13,1301020,0,0,0,0,0
130102000403,2015,130102000403,13,1301020,0,0,0,0,0
130102000409,2015,130102000409,13,1301020,0,0,0,0,0
130102000410,2015,130102000410,13,1301020,0,0,0,0,0
130102000411,2015,130102000411,13,1301020,0,0,0,0,0
130102000413,2015,130102000413,13,1301020,0,0,0,0,0
130102000415,2015,130102000415,13,1301020,0,0,0,0,0
130102001419,2015,130102001419,13,1301020,0,0,0,0,0
130102002019,2015,130102002019,13,1301020,0,0,0,0,0
130102002054,2015,130102002054,13,1301020,0,0,0,0,0
130102002099,2015,130102002099,13,1301020,0,0,0,0,0
130102002152,2015,130102002152,13,1301020,0,0,0,0,0
130102002242,2015,130102002242,13,1301020,0,0,0,0,0
130102002243,2015,130102002243,13,1301020,0,0,0,0,0
130102002245,2015,130102002245,13,1301020,0,0,0,0,0
130102002301,2015,130102002301,13,1301020,0,0,0,0,0
130102002302,2015,130102002302,13,1301020,0,0,0,0,0
130102002303,2015,130102002303,13,1301020,0,0,0,0,0
130102003772,2015,130102003772,13,1301020,0,0,0,0,0
130102003941,2015,130102003941,13,1301020,0,0,0,0,0
130102003972,2015,130102003972,13,1301020,0,0,0,0,0
130102003975,2015,130102003975,13,1301020,0,0,0,0,0
130102003978,2015,130102003978,13,1301020,0,0,0,0,0
130102004044,2015,130102004044,13,1301020,0,0,0,0,0
130102004088,2015,130102004088,13,1301020,0,0,0,0,0
130102004117,2015,130102004117,13,1301020,0,0,0,0,0
130102004135,2015,130102004135,13,1301020,0,0,0,0,0
130102004185,2015,130102004185,13,1301020,0,0,0,0,0
130102004196,2015,130102004196,13,1301020,0,0,0,0,0
130108000417,2015,130108000417,13,1301080,0,0,0,0,0
130108000418,2015,130108000418,13,1301080,0,0,0,0,0
130108000421,2015,130108000421,13,1301080,0,0,0,0,0
130108000422,2015,130108000422,13,1301080,1,0,0,0,0
130108003307,2015,130108003307,13,1301080,0,0,0,0,0
130108003571,2015,130108003571,13,1301080,0,0,0,0,0
130117000443,2015,130117000443,13,1301170,2,0,1,0,0
130117000444,2015,130117000444,13,1301170,0,0,0,0,0
130117000445,2015,130117000445,13,1301170,0,0,0,0,0
130117000446,2015,130117000446,13,1301170,0,0,0,0,0
130117000447,2015,130117000447,13,1301170,0,0,0,0,0
130117000449,2015,130117000449,13,1301170,2,0,0,0,0
130117000450,2015,130117000450,13,1301170,0,0,0,0,0
130117000451,2015,130117000451,13,1301170,0,0,0,0,0
130117000452,2015,130117000452,13,1301170,0,0,0,0,0
130117000453,2015,130117000453,13,1301170,3,0,0,0,0
130117000454,2015,130117000454,13,1301170,0,0,0,0,0
130117000455,2015,130117000455,13,1301170,0,0,0,0,0
130117000456,2015,130117000456,13,1301170,0,0,0,0,0
130117000457,2015,130117000457,13,1301170,0,0,0,0,0
130117000458,2015,130117000458,13,1301170,0,0,0,0,0
130117001106,2015,130117001106,13,1301170,0,0,0,0,0
130117002102,2015,130117002102,13,1301170,0,0,0,0,0
130117002103,2015,130117002103,13,1301170,0,0,0,0,0
130117002104,2015,130117002104,13,1301170,0,0,0,0,0
130117002831,2015,130117002831,13,1301170,0,0,0,0,0
130117003905,2015,130117003905,13,1301170,0,0,0,0,0
130123000461,2015,130123000461,13,1301230,0,0,0,0,0
130123000462,2015,130123000462,13,1301230,0,0,0,0,0
130123000463,2015,130123000463,13,1301230,4,0,0,0,0
130123000464,2015,130123000464,13,1301230,0,0,0,0,0
130123000465,2015,130123000465,13,1301230,1,0,0,0,0
130123000466,2015,130123000466,13,1301230,0,0,0,0,0
130123000467,2015,130123000467,13,1301230,0,1,0,0,0
130123000469,2015,130123000469,13,1301230,0,0,0,0,0
130123000470,2015,130123000470,13,1301230,0,0,0,0,0
130123000471,2015,130123000471,13,1301230,0,1,0,0,0
130123000472,2015,130123000472,13,1301230,0,0,0,0,0
130123000473,2015,130123000473,13,1301230,0,0,0,0,0
130123000474,2015,130123000474,13,1301230,0,0,0,0,0
130123000475,2015,130123000475,13,1301230,0,0,0,0,0
130123000476,2015,130123000476,13,1301230,0,0,0,0,0
130123000477,2015,130123000477,13,1301230,0,1,0,0,0
130123000478,2015,130123000478,13,1301230,0,0,0,0,0
130123000479,2015,130123000479,13,1301230,0,1,0,0,0
130123000480,2015,130123000480,13,1301230,1,0,0,0,0
130123000481,2015,130123000481,13,1301230,0,0,0,0,0
130123000483,2015,130123000483,13,1301230,0,0,0,0,0
130123000484,2015,130123000484,13,1301230,0,0,0,0,0
130123000485,2015,130123000485,13,1301230,0,0,0,0,0
130123000486,2015,130123000486,13,1301230,0,0,0,0,0
130123000487,2015,130123000487,13,1301230,0,0,0,0,0
130123000488,2015,130123000488,13,1301230,0,0,0,0,0
130123000490,2015,130123000490,13,1301230,0,0,0,0,0
130123000491,2015,130123000491,13,1301230,0,0,0,0,0
130123000492,2015,130123000492,13,1301230,1,0,0,0,0
130123000494,2015,130123000494,13,1301230,1,0,0,0,0
130123000495,2015,130123000495,13,1301230,0,0,0,0,0
130123000496,2015,130123000496,13,1301230,0,0,0,0,0
130123000497,2015,130123000497,13,1301230,0,0,0,0,0
130123000498,2015,130123000498,13,1301230,0,0,0,0,0
130123000499,2015,130123000499,13,1301230,0,0,0,0,0
130123000500,2015,130123000500,13,1301230,0,0,0,0,0
130123000811,2015,130123000811,13,1301230,0,0,0,0,0
130123000812,2015,130123000812,13,1301230,0,0,0,0,0
130123001861,2015,130123001861,13,1301230,0,0,0,0,0
130123001925,2015,130123001925,13,1301230,0,0,0,0,0
130123002057,2015,130123002057,13,1301230,0,0,0,0,0
130123002067,2015,130123002067,13,1301230,0,0,0,0,0
130123002068,2015,130123002068,13,1301230,0,0,0,0,0
130123002105,2015,130123002105,13,1301230,0,0,0,0,0
130123002246,2015,130123002246,13,1301230,0,0,0,0,0
130123002304,2015,130123002304,13,1301230,1,0,0,0,0
130123002305,2015,130123002305,13,1301230,0,1,0,0,0
130123002470,2015,130123002470,13,1301230,0,0,0,0,0
130123002523,2015,130123002523,13,1301230,0,0,0,0,0
130123002524,2015,130123002524,13,1301230,0,0,0,0,0
130123002836,2015,130123002836,13,1301230,0,1,0,0,0
130123002837,2015,130123002837,13,1301230,0,0,0,0,0
130123003316,2015,130123003316,13,1301230,0,0,0,0,0
130123003317,2015,130123003317,13,1301230,0,0,0,0,0
130123003318,2015,130123003318,13,1301230,0,0,0,0,0
130123003319,2015,130123003319,13,1301230,2,2,0,0,0
130123003687,2015,130123003687,13,1301230,0,0,0,0,0
130123003752,2015,130123003752,13,1301230,0,0,0,0,0
130123003855,2015,130123003855,13,1301230,0,0,0,0,0
130123003896,2015,130123003896,13,1301230,0,0,0,0,0
130123004022,2015,130123004022,13,1301230,0,0,0,0,0
130123004154,2015,130123004154,13,1301230,0,0,0,0,0
130129000240,2015,130129000240,13,1301290,0,0,0,0,0
130129000242,2015,130129000242,13,1301290,0,0,0,0,0
130129000244,2015,130129000244,13,1301290,0,0,0,0,0
130129000507,2015,130129000507,13,1301290,0,0,0,0,0
130129000508,2015,130129000508,13,1301290,0,0,0,0,0
130129000509,2015,130129000509,13,1301290,0,0,0,0,0
130129000510,2015,130129000510,13,1301290,0,0,0,0,0
130129000511,2015,130129000511,13,1301290,0,0,0,0,0
130129000512,2015,130129000512,13,1301290,0,0,0,0,0
130129000513,2015,130129000513,13,1301290,0,0,0,0,0
130129000514,2015,130129000514,13,1301290,0,0,0,0,0
130129000515,2015,130129000515,13,1301290,0,0,0,0,0
130129000517,2015,130129000517,13,1301290,0,0,0,0,0
130129000518,2015,130129000518,13,1301290,0,0,0,0,0
130129000520,2015,130129000520,13,1301290,0,0,0,0,0
130129000521,2015,130129000521,13,1301290,0,0,0,0,0
130129000523,2015,130129000523,13,1301290,0,0,0,0,0
130129000525,2015,130129000525,13,1301290,0,0,0,0,0
130129000526,2015,130129000526,13,1301290,0,0,0,0,0
130129000527,2015,130129000527,13,1301290,0,0,0,0,0
130129000528,2015,130129000528,13,1301290,0,0,0,0,0
130129000529,2015,130129000529,13,1301290,0,0,0,0,0
130129000531,2015,130129000531,13,1301290,0,0,0,0,0
130129000532,2015,130129000532,13,1301290,0,0,0,0,0
130129000533,2015,130129000533,13,1301290,0,0,0,0,0
130129000534,2015,130129000534,13,1301290,0,0,0,0,0
130129000535,2015,130129000535,13,1301290,0,0,0,0,0
130129000536,2015,130129000536,13,1301290,0,0,0,0,0
130129000537,2015,130129000537,13,1301290,0,0,0,0,0
130129000538,2015,130129000538,13,1301290,0,0,0,0,0
130129000539,2015,130129000539,13,1301290,0,0,0,0,0
130129000540,2015,130129000540,13,1301290,0,0,0,0,0
130129000541,2015,130129000541,13,1301290,0,0,0,0,0
130129000543,2015,130129000543,13,1301290,0,0,0,0,0
130129000544,2015,130129000544,13,1301290,0,0,0,0,0
130129000545,2015,130129000545,13,1301290,0,0,0,0,0
130129000547,2015,130129000547,13,1301290,0,0,0,0,0
130129000548,2015,130129000548,13,1301290,0,0,0,0,0
130129000551,2015,130129000551,13,1301290,0,0,0,0,0
130129000552,2015,130129000552,13,1301290,0,0,0,0,0
130129000553,2015,130129000553,13,1301290,0,0,0,0,0
130129000554,2015,130129000554,13,1301290,0,0,0,0,0
130129000555,2015,130129000555,13,1301290,0,0,0,0,0
130129000556,2015,130129000556,13,1301290,0,0,0,0,0
130129000557,2015,130129000557,13,1301290,0,0,0,0,0
130129000558,2015,130129000558,13,1301290,0,0,0,0,0
130129000559,2015,130129000559,13,1301290,0,0,0,0,0
130129000560,2015,130129000560,13,1301290,0,0,0,0,0
130129000561,2015,130129000561,13,1301290,0,0,0,0,0
130129000564,2015,130129000564,13,1301290,0,0,0,0,0
130129000566,2015,130129000566,13,1301290,0,0,0,0,0
130129000567,2015,130129000567,13,1301290,0,0,0,0,0
130129000568,2015,130129000568,13,1301290,0,0,0,0,0
130129000571,2015,130129000571,13,1301290,0,0,0,0,0
130129000572,2015,130129000572,13,1301290,0,0,0,0,0
130129000573,2015,130129000573,13,1301290,0,0,0,0,0
130129000574,2015,130129000574,13,1301290,0,0,0,0,0
130129001479,2015,130129001479,13,1301290,0,0,0,0,0
130129001490,2015,130129001490,13,1301290,0,0,0,0,0
130129001491,2015,130129001491,13,1301290,0,0,0,0,0
130129001880,2015,130129001880,13,1301290,0,0,0,0,0
130129001881,2015,130129001881,13,1301290,0,0,0,0,0
130129001882,2015,130129001882,13,1301290,0,0,0,0,0
130129001926,2015,130129001926,13,1301290,0,0,0,0,0
130129001935,2015,130129001935,13,1301290,0,0,0,0,0
130129001972,2015,130129001972,13,1301290,0,0,0,0,0
130129001973,2015,130129001973,13,1301290,0,0,0,0,0
130129001974,2015,130129001974,13,1301290,0,0,0,0,0
130129001994,2015,130129001994,13,1301290,0,0,0,0,0
130129001995,2015,130129001995,13,1301290,0,0,0,0,0
130129002021,2015,130129002021,13,1301290,0,0,0,0,0
130129002022,2015,130129002022,13,1301290,0,0,0,0,0
130129002023,2015,130129002023,13,1301290,0,0,0,0,0
130129002024,2015,130129002024,13,1301290,0,0,0,0,0
130129002058,2015,130129002058,13,1301290,0,0,0,0,0
130129002069,2015,130129002069,13,1301290,0,0,0,0,0
130129002070,2015,130129002070,13,1301290,0,0,0,0,0
130129002107,2015,130129002107,13,1301290,0,0,0,0,0
130129002108,2015,130129002108,13,1301290,0,0,0,0,0
130129002109,2015,130129002109,13,1301290,0,0,0,0,0
130129002110,2015,130129002110,13,1301290,0,0,0,0,0
130129002138,2015,130129002138,13,1301290,0,0,0,0,0
130129002150,2015,130129002150,13,1301290,0,0,0,0,0
130129002153,2015,130129002153,13,1301290,0,0,0,0,0
130129002154,2015,130129002154,13,1301290,0,0,0,0,0
130129002158,2015,130129002158,13,1301290,0,0,0,0,0
130129002247,2015,130129002247,13,1301290,0,0,0,0,0
130129002248,2015,130129002248,13,1301290,0,0,0,0,0
130129002249,2015,130129002249,13,1301290,0,0,0,0,0
130129002250,2015,130129002250,13,1301290,0,0,0,0,0
130129002365,2015,130129002365,13,1301290,0,0,0,0,0
130129002475,2015,130129002475,13,1301290,1,0,0,0,0
130129002476,2015,130129002476,13,1301290,0,0,0,0,0
130129002526,2015,130129002526,13,1301290,0,0,0,0,0
130129002527,2015,130129002527,13,1301290,0,0,0,0,0
130129002840,2015,130129002840,13,1301290,0,0,0,0,0
130129002841,2015,130129002841,13,1301290,0,0,0,0,0
130129002842,2015,130129002842,13,1301290,0,0,0,0,0
130129003528,2015,130129003528,13,1301290,0,0,0,0,0
130129003529,2015,130129003529,13,1301290,0,0,0,0,0
130129003530,2015,130129003530,13,1301290,0,0,0,0,0
130129003531,2015,130129003531,13,1301290,0,0,0,0,0
130129003580,2015,130129003580,13,1301290,0,0,0,0,0
130129003622,2015,130129003622,13,1301290,0,0,0,0,0
130129003632,2015,130129003632,13,1301290,0,1,0,0,0
130129003649,2015,130129003649,13,1301290,0,0,0,0,0
130129003679,2015,130129003679,13,1301290,0,0,0,0,0
130129003732,2015,130129003732,13,1301290,0,0,0,0,0
130129003781,2015,130129003781,13,1301290,0,0,0,0,0
130129003795,2015,130129003795,13,1301290,0,0,0,0,0
130129004134,2015,130129004134,13,1301290,0,0,0,1,0
130174000083,2015,130174000083,13,1301740,0,0,0,0,1
130174000162,2015,130174000162,13,1301740,0,0,0,0,0
130174000222,2015,130174000222,13,1301740,1,2,2,1,0
130174000635,2015,130174000635,13,1301740,0,0,0,0,0
130174000636,2015,130174000636,13,1301740,0,0,0,0,0
130174000637,2015,130174000637,13,1301740,0,1,0,0,0
130174000638,2015,130174000638,13,1301740,0,0,0,0,0
130174000639,2015,130174000639,13,1301740,0,0,0,0,0
130174000640,2015,130174000640,13,1301740,0,0,0,0,0
130174000642,2015,130174000642,13,1301740,2,0,0,2,0
130174000644,2015,130174000644,13,1301740,0,0,0,0,0
130174000645,2015,130174000645,13,1301740,0,0,0,0,0
130174000646,2015,130174000646,13,1301740,0,0,0,0,0
130174000649,2015,130174000649,13,1301740,2,0,0,2,0
130174000650,2015,130174000650,13,1301740,0,0,0,0,0
130174000651,2015,130174000651,13,1301740,0,0,0,0,0
130174000652,2015,130174000652,13,1301740,0,0,0,0,0
130174000653,2015,130174000653,13,1301740,0,0,0,0,0
130174000654,2015,130174000654,13,1301740,0,0,0,0,0
130174000656,2015,130174000656,13,1301740,0,0,0,0,0
130174000660,2015,130174000660,13,1301740,0,0,0,0,0
130174000662,2015,130174000662,13,1301740,0,0,0,0,0
130174000664,2015,130174000664,13,1301740,0,0,0,0,0
130174000665,2015,130174000665,13,1301740,0,2,0,0,0
130174000666,2015,130174000666,13,1301740,0,1,1,0,0
130174000667,2015,130174000667,13,1301740,0,0,0,0,0
130174000668,2015,130174000668,13,1301740,0,0,0,0,0
130174000669,2015,130174000669,13,1301740,0,2,6,0,0
130174000672,2015,130174000672,13,1301740,0,4,3,0,1
130174000677,2015,130174000677,13,1301740,0,0,0,0,0
130174000678,2015,130174000678,13,1301740,0,0,0,0,0
130174000679,2015,130174000679,13,1301740,0,0,1,0,0
130174000680,2015,130174000680,13,1301740,0,0,0,0,0
130174000681,2015,130174000681,13,1301740,0,0,1,0,0
130174000682,2015,130174000682,13,1301740,0,0,0,0,0
130174000684,2015,130174000684,13,1301740,0,0,0,0,0
130174000686,2015,130174000686,13,1301740,1,0,0,1,0
130174000687,2015,130174000687,13,1301740,0,0,0,0,0
130174000688,2015,130174000688,13,1301740,0,0,0,0,0
130174000690,2015,130174000690,13,1301740,0,0,0,0,0
130174000691,2015,130174000691,13,1301740,0,0,0,0,0
130174000692,2015,130174000692,13,1301740,0,0,0,0,0
130174000694,2015,130174000694,13,1301740,0,0,0,0,1
130174000695,2015,130174000695,13,1301740,0,1,1,0,0
130174000696,2015,130174000696,13,1301740,0,0,0,0,0
130174000698,2015,130174000698,13,1301740,0,0,0,0,0
130174000699,2015,130174000699,13,1301740,0,0,0,0,0
130174000700,2015,130174000700,13,1301740,0,0,0,0,0
130174000701,2015,130174000701,13,1301740,0,0,0,0,0
130174000702,2015,130174000702,13,1301740,0,0,0,0,0
130174000703,2015,130174000703,13,1301740,0,0,0,0,0
130174000704,2015,130174000704,13,1301740,0,0,0,0,0
130174000707,2015,130174000707,13,1301740,0,0,0,0,0
130174000708,2015,130174000708,13,1301740,0,0,0,0,0
130174000709,2015,130174000709,13,1301740,0,2,0,0,0
130174000710,2015,130174000710,13,1301740,0,0,0,0,0
130174000712,2015,130174000712,13,1301740,0,0,0,0,0
130174000713,2015,130174000713,13,1301740,0,0,0,0,0
130174000714,2015,130174000714,13,1301740,0,0,0,0,0
130174000715,2015,130174000715,13,1301740,1,0,0,1,0
130174000717,2015,130174000717,13,1301740,0,0,0,0,0
130174000718,2015,130174000718,13,1301740,0,0,6,0,0
130174000720,2015,130174000720,13,1301740,0,0,0,0,0
130174000721,2015,130174000721,13,1301740,0,0,1,0,0
130174000722,2015,130174000722,13,1301740,0,0,0,0,0
130174000723,2015,130174000723,13,1301740,0,0,0,0,0
130174000724,2015,130174000724,13,1301740,0,0,0,0,0
130174000725,2015,130174000725,13,1301740,0,0,0,0,0
130174000726,2015,130174000726,13,1301740,0,0,0,0,0
130174000727,2015,130174000727,13,1301740,0,0,0,0,0
130174000728,2015,130174000728,13,1301740,0,0,0,0,0
130174000729,2015,130174000729,13,1301740,0,0,0,0,0
130174000732,2015,130174000732,13,1301740,1,0,0,1,0
130174000734,2015,130174000734,13,1301740,0,0,0,0,0
130174000737,2015,130174000737,13,1301740,0,0,2,0,0
130174000738,2015,130174000738,13,1301740,0,0,0,0,0
130174000740,2015,130174000740,13,1301740,0,0,0,0,0
130174000741,2015,130174000741,13,1301740,0,0,0,0,0
130174001521,2015,130174001521,13,1301740,0,0,0,0,0
130174001531,2015,130174001531,13,1301740,0,0,0,0,0
130174001547,2015,130174001547,13,1301740,0,0,2,0,0
130174001553,2015,130174001553,13,1301740,0,0,0,0,0
130174001568,2015,130174001568,13,1301740,0,0,0,0,0
130174001586,2015,130174001586,13,1301740,1,1,0,1,0
130174001589,2015,130174001589,13,1301740,0,2,1,0,0
130174001862,2015,130174001862,13,1301740,0,0,0,0,0
130174001998,2015,130174001998,13,1301740,7,1,0,7,0
130174001999,2015,130174001999,13,1301740,0,0,0,0,0
130174002031,2015,130174002031,13,1301740,0,0,0,0,0
130174002074,2015,130174002074,13,1301740,0,2,0,0,0
130174002112,2015,130174002112,13,1301740,0,0,0,0,0
130174002256,2015,130174002256,13,1301740,0,0,0,0,0
130174002308,2015,130174002308,13,1301740,0,0,0,0,0
130174002310,2015,130174002310,13,1301740,0,1,8,0,0
130174002313,2015,130174002313,13,1301740,0,0,0,0,0
130174002370,2015,130174002370,13,1301740,4,0,2,4,1
130174002478,2015,130174002478,13,1301740,0,0,0,0,0
130174002479,2015,130174002479,13,1301740,0,0,1,0,0
130174002480,2015,130174002480,13,1301740,0,1,1,0,0
130174002482,2015,130174002482,13,1301740,0,0,0,0,0
130174002537,2015,130174002537,13,1301740,0,0,0,0,0
130174002538,2015,130174002538,13,1301740,0,0,0,0,0
130174002858,2015,130174002858,13,1301740,1,1,0,1,0
130174002859,2015,130174002859,13,1301740,0,2,0,0,0
130174003332,2015,130174003332,13,1301740,0,0,2,0,0
130174003334,2015,130174003334,13,1301740,1,0,2,1,0
130174003336,2015,130174003336,13,1301740,1,3,3,1,0
130174003337,2015,130174003337,13,1301740,1,0,0,1,0
130174003338,2015,130174003338,13,1301740,2,0,0,2,0
130174003339,2015,130174003339,13,1301740,0,1,0,0,0
130174003559,2015,130174003559,13,1301740,0,0,0,0,0
130174003613,2015,130174003613,13,1301740,0,0,0,0,0
130174003634,2015,130174003634,13,1301740,0,0,0,0,0
130174003643,2015,130174003643,13,1301740,1,0,0,1,0
130174003665,2015,130174003665,13,1301740,0,0,1,0,0
130174003708,2015,130174003708,13,1301740,0,0,0,0,0
130174003750,2015,130174003750,13,1301740,0,1,0,0,0
130174003766,2015,130174003766,13,1301740,0,0,1,0,0
130174003868,2015,130174003868,13,1301740,0,0,0,0,0
130174003884,2015,130174003884,13,1301740,0,0,0,0,0
130174003914,2015,130174003914,13,1301740,0,0,0,0,0
130174003915,2015,130174003915,13,1301740,0,0,0,0,0
130174003921,2015,130174003921,13,1301740,0,0,0,0,0
130174003955,2015,130174003955,13,1301740,0,0,0,0,0
130174004006,2015,130174004006,13,1301740,0,0,0,0,0
130174004035,2015,130174004035,13,1301740,0,0,5,0,0
130174004039,2015,130174004039,13,1301740,0,0,0,0,0
130174004071,2015,130174004071,13,1301740,0,0,0,0,0
130174004142,2015,130174004142,13,1301740,0,0,0,0,0
130174004159,2015,130174004159,13,1301740,1,0,0,1,0
130174004199,2015,130174004199,13,1301740,0,7,2,0,0
130228000035,2015,130228000035,13,1302280,0,0,0,0,0
130228000217,2015,130228000217,13,1302280,4,0,0,0,0
130228000927,2015,130228000927,13,1302280,0,0,0,0,0
130228000948,2015,130228000948,13,1302280,0,0,0,0,0
130228000965,2015,130228000965,13,1302280,0,0,0,0,0
130228000967,2015,130228000967,13,1302280,0,0,0,0,0
130228000968,2015,130228000968,13,1302280,0,0,0,0,0
130228000969,2015,130228000969,13,1302280,0,0,0,0,0
130228000970,2015,130228000970,13,1302280,0,0,0,0,0
130228000971,2015,130228000971,13,1302280,0,0,0,0,0
130228000974,2015,130228000974,13,1302280,0,0,0,0,0
130228000975,2015,130228000975,13,1302280,0,0,0,0,0
130228000976,2015,130228000976,13,1302280,0,0,0,0,0
130228000978,2015,130228000978,13,1302280,6,1,0,0,0
130228000986,2015,130228000986,13,1302280,1,0,0,1,0
130228000987,2015,130228000987,13,1302280,2,0,0,0,2
130228000988,2015,130228000988,13,1302280,0,0,0,0,0
130228000991,2015,130228000991,13,1302280,0,0,0,0,0
130228000997,2015,130228000997,13,1302280,1,0,0,0,0
130228000998,2015,130228000998,13,1302280,0,0,0,0,0
130228001005,2015,130228001005,13,1302280,0,3,1,0,0
130228001006,2015,130228001006,13,1302280,0,0,0,0,0
130228001013,2015,130228001013,13,1302280,0,0,0,0,0
130228001015,2015,130228001015,13,1302280,0,0,0,0,0
130228001024,2015,130228001024,13,1302280,0,0,0,0,0
130228001025,2015,130228001025,13,1302280,0,0,0,0,0
130228001026,2015,130228001026,13,1302280,0,5,0,0,0
130228001031,2015,130228001031,13,1302280,1,0,0,0,0
130228001032,2015,130228001032,13,1302280,0,0,0,0,0
130228001036,2015,130228001036,13,1302280,1,0,0,0,0
130228001043,2015,130228001043,13,1302280,1,0,0,0,0
130228001615,2015,130228001615,13,1302280,0,2,0,0,0
130228001620,2015,130228001620,13,1302280,0,0,0,0,0
130228001623,2015,130228001623,13,1302280,0,1,0,0,0
130228001627,2015,130228001627,13,1302280,0,1,0,0,0
130228001631,2015,130228001631,13,1302280,1,0,0,0,0
130228001928,2015,130228001928,13,1302280,0,0,0,0,0
130228001929,2015,130228001929,13,1302280,0,0,0,0,0
130228001930,2015,130228001930,13,1302280,0,1,0,0,0
130228001956,2015,130228001956,13,1302280,0,0,0,0,0
130228001957,2015,130228001957,13,1302280,0,0,0,0,0
130228001958,2015,130228001958,13,1302280,0,0,0,0,0
130228001979,2015,130228001979,13,1302280,0,0,0,0,0
130228002001,2015,130228002001,13,1302280,0,0,0,0,0
130228002035,2015,130228002035,13,1302280,0,1,0,0,0
130228002036,2015,130228002036,13,1302280,0,0,0,2,0
130228002037,2015,130228002037,13,1302280,0,0,0,0,0
130228002078,2015,130228002078,13,1302280,0,0,0,0,0
130228002119,2015,130228002119,13,1302280,1,1,0,0,0
130228002120,2015,130228002120,13,1302280,0,0,0,0,0
130228002121,2015,130228002121,13,1302280,0,0,0,0,0
130228002122,2015,130228002122,13,1302280,0,0,0,0,0
130228002123,2015,130228002123,13,1302280,1,2,0,0,0
130228002124,2015,130228002124,13,1302280,1,0,0,0,0
130228002170,2015,130228002170,13,1302280,2,0,0,0,0
130228002172,2015,130228002172,13,1302280,0,1,0,0,0
130228002181,2015,130228002181,13,1302280,0,0,0,0,0
130228002189,2015,130228002189,13,1302280,0,0,0,0,0
130228002190,2015,130228002190,13,1302280,0,0,0,0,0
130228002264,2015,130228002264,13,1302280,4,0,0,0,0
130228002265,2015,130228002265,13,1302280,0,3,0,0,0
130228002321,2015,130228002321,13,1302280,0,0,0,0,0
130228002378,2015,130228002378,13,1302280,0,0,0,0,0
130228002379,2015,130228002379,13,1302280,3,0,1,0,0
130228002380,2015,130228002380,13,1302280,0,0,0,0,0
130228002382,2015,130228002382,13,1302280,0,1,0,0,0
130228002489,2015,130228002489,13,1302280,0,0,0,0,0
130228002490,2015,130228002490,13,1302280,0,0,0,0,0
130228002491,2015,130228002491,13,1302280,0,0,0,0,0
130228002492,2015,130228002492,13,1302280,3,0,0,0,0
130228002493,2015,130228002493,13,1302280,2,3,0,0,0
130228002560,2015,130228002560,13,1302280,1,0,0,0,0
130228002561,2015,130228002561,13,1302280,0,0,0,1,0
130228002564,2015,130228002564,13,1302280,0,1,0,0,0
130228002885,2015,130228002885,13,1302280,0,0,0,0,0
130228002886,2015,130228002886,13,1302280,0,3,0,0,0
130228002887,2015,130228002887,13,1302280,0,1,0,0,0
130228003360,2015,130228003360,13,1302280,0,2,0,0,0
130228003363,2015,130228003363,13,1302280,0,0,0,0,0
130228003364,2015,130228003364,13,1302280,2,0,0,0,0
130228003365,2015,130228003365,13,1302280,0,1,0,0,0
130228003367,2015,130228003367,13,1302280,0,0,0,0,0
130228003368,2015,130228003368,13,1302280,1,0,0,0,0
130228003369,2015,130228003369,13,1302280,0,0,0,0,0
130228003535,2015,130228003535,13,1302280,0,0,0,0,0
130228003561,2015,130228003561,13,1302280,1,0,0,0,0
130228003563,2015,130228003563,13,1302280,0,0,3,0,0
130228003651,2015,130228003651,13,1302280,0,0,0,0,0
130228003816,2015,130228003816,13,1302280,0,0,0,0,0
130228003842,2015,130228003842,13,1302280,0,0,0,0,0
130228003874,2015,130228003874,13,1302280,0,0,0,0,0
130228003913,2015,130228003913,13,1302280,0,0,0,0,0
130228003935,2015,130228003935,13,1302280,0,0,0,0,0
130228003940,2015,130228003940,13,1302280,0,0,0,0,0
130228003990,2015,130228003990,13,1302280,0,0,0,0,0
130228004002,2015,130228004002,13,1302280,0,0,0,0,0
130228004045,2015,130228004045,13,1302280,0,0,0,0,0
130228004099,2015,130228004099,13,1302280,0,0,0,0,0
130228004147,2015,130228004147,13,1302280,1,0,0,0,0
130228004187,2015,130228004187,13,1302280,0,0,0,0,0
130228004201,2015,130228004201,13,1302280,0,0,0,0,0
130228004218,2015,130228004218,13,1302280,0,0,0,0,0
130240000950,2015,130240000950,13,1302400,0,0,0,0,0
130240001056,2015,130240001056,13,1302400,0,0,0,0,0
130240001058,2015,130240001058,13,1302400,7,0,1,0,0
130240001059,2015,130240001059,13,1302400,1,0,0,0,0
130240001061,2015,130240001061,13,1302400,0,1,0,0,0
130240001063,2015,130240001063,13,1302400,2,0,1,0,0
130240001064,2015,130240001064,13,1302400,1,0,1,0,0
130240001065,2015,130240001065,13,1302400,0,1,0,0,0
130240001067,2015,130240001067,13,1302400,2,0,0,0,0
130240001068,2015,130240001068,13,1302400,0,0,0,0,0
130240002080,2015,130240002080,13,1302400,2,0,0,0,0
130240002191,2015,130240002191,13,1302400,0,0,0,0,0
130240002192,2015,130240002192,13,1302400,0,0,0,0,0
130240002266,2015,130240002266,13,1302400,4,0,0,0,0
130240003372,2015,130240003372,13,1302400,0,0,0,0,0
130240003697,2015,130240003697,13,1302400,0,0,0,0,0
130240004076,2015,130240004076,13,1302400,7,0,0,0,0
130387001376,2015,130387001376,13,1303870,0,0,0,0,0
130387001387,2015,130387001387,13,1303870,5,0,0,0,0
130387001388,2015,130387001388,13,1303870,0,0,0,0,0
130387001394,2015,130387001394,13,1303870,1,0,0,1,0
130387001397,2015,130387001397,13,1303870,1,0,0,0,0
130387001398,2015,130387001398,13,1303870,0,0,0,0,0
130387001399,2015,130387001399,13,1303870,0,0,0,3,0
130387001400,2015,130387001400,13,1303870,0,0,0,2,1
130387001402,2015,130387001402,13,1303870,0,0,0,0,0
130387001404,2015,130387001404,13,1303870,0,0,0,0,0
130387001405,2015,130387001405,13,1303870,0,0,0,0,0
130387001406,2015,130387001406,13,1303870,0,0,0,0,0
130387001411,2015,130387001411,13,1303870,0,0,0,0,0
130387001412,2015,130387001412,13,1303870,0,0,3,0,0
130387001413,2015,130387001413,13,1303870,3,5,4,5,0
130387001418,2015,130387001418,13,1303870,0,0,0,0,0
130387001420,2015,130387001420,13,1303870,0,0,0,0,0
130387001421,2015,130387001421,13,1303870,0,0,0,0,0
130387001422,2015,130387001422,13,1303870,0,0,0,0,0
130387001425,2015,130387001425,13,1303870,0,0,0,0,0
130387001427,2015,130387001427,13,1303870,0,0,0,0,0
130387001430,2015,130387001430,13,1303870,0,0,0,0,0
130387001431,2015,130387001431,13,1303870,0,0,0,0,0
130387001432,2015,130387001432,13,1303870,0,0,0,0,0
130387001433,2015,130387001433,13,1303870,0,0,0,0,0
130387001434,2015,130387001434,13,1303870,0,0,0,0,0
130387001435,2015,130387001435,13,1303870,0,0,0,0,0
130387001436,2015,130387001436,13,1303870,0,0,0,0,0
130387001439,2015,130387001439,13,1303870,0,0,0,0,0
130387001441,2015,130387001441,13,1303870,1,1,0,0,0
130387001444,2015,130387001444,13,1303870,0,0,0,0,0
130387001445,2015,130387001445,13,1303870,0,0,0,0,0
130387001446,2015,130387001446,13,1303870,0,0,0,0,0
130387001447,2015,130387001447,13,1303870,0,0,0,0,0
130387001448,2015,130387001448,13,1303870,0,0,0,2,0
130387001449,2015,130387001449,13,1303870,0,0,0,0,0
130387001450,2015,130387001450,13,1303870,0,0,0,0,0
130387001452,2015,130387001452,13,1303870,5,0,0,0,0
130387002142,2015,130387002142,13,1303870,0,0,0,0,0
130387002184,2015,130387002184,13,1303870,5,0,0,0,0
130387002337,2015,130387002337,13,1303870,1,0,1,0,0
130387002419,2015,130387002419,13,1303870,0,0,0,0,0
130387002420,2015,130387002420,13,1303870,0,0,0,0,0
130387002421,2015,130387002421,13,1303870,3,1,1,2,0
130387002422,2015,130387002422,13,1303870,10,2,0,3,0
130387002423,2015,130387002423,13,1303870,0,0,0,0,0
130387002583,2015,130387002583,13,1303870,0,0,0,0,0
130387003636,2015,130387003636,13,1303870,0,0,0,0,0
130387003656,2015,130387003656,13,1303870,0,0,0,0,0
130387003680,2015,130387003680,13,1303870,0,5,2,2,1
130387003695,2015,130387003695,13,1303870,0,2,0,0,0
130387004127,2015,130387004127,13,1303870,0,0,0,0,0
130387004146,2015,130387004146,13,1303870,0,0,0,2,0
130396000018,2015,130396000018,13,1303960,1,1,0,0,0
130396000148,2015,130396000148,13,1303960,0,0,0,0,0
130396001464,2015,130396001464,13,1303960,0,0,0,0,0
130396001465,2015,130396001465,13,1303960,0,0,0,0,0
130396001765,2015,130396001765,13,1303960,0,0,0,0,0
130396002008,2015,130396002008,13,1303960,0,0,0,0,0
130396002225,2015,130396002225,13,1303960,0,0,0,0,0
130396002587,2015,130396002587,13,1303960,0,0,0,0,0
130396003437,2015,130396003437,13,1303960,0,0,0,0,0
130396003854,2015,130396003854,13,1303960,0,0,0,0,0
130498001681,2015,130498001681,13,1304980,0,0,0,0,0
130498001682,2015,130498001682,13,1304980,0,0,0,0,0
130498001684,2015,130498001684,13,1304980,0,0,0,0,0
130498001686,2015,130498001686,13,1304980,0,0,0,0,0
130498001687,2015,130498001687,13,1304980,0,0,0,0,0
130498001688,2015,130498001688,13,1304980,0,0,0,0,0
130498001689,2015,130498001689,13,1304980,0,0,0,0,0
130498001690,2015,130498001690,13,1304980,0,0,0,0,0
130498001691,2015,130498001691,13,1304980,0,0,0,0,0
130498002282,2015,130498002282,13,1304980,0,0,0,0,0
130498002283,2015,130498002283,13,1304980,0,0,0,0,0
130528001723,2015,130528001723,13,1305280,0,0,0,0,0
130528001724,2015,130528001724,13,1305280,0,0,0,0,0
130528002199,2015,130528002199,13,1305280,0,0,0,0,0
130528002285,2015,130528002285,13,1305280,0,0,0,0,0
130531001076,2015,130531001076,13,1305310,0,0,0,0,0
130531001728,2015,130531001728,13,1305310,0,0,0,0,0
130531001730,2015,130531001730,13,1305310,0,0,0,0,0
130531001732,2015,130531001732,13,1305310,0,0,0,0,0
130531001734,2015,130531001734,13,1305310,0,0,0,0,0
130531001921,2015,130531001921,13,1305310,0,0,0,0,0
130531002468,2015,130531002468,13,1305310,0,0,0,0,0
130531003812,2015,130531003812,13,1305310,0,0,0,0,0
130543001393,2015,130543001393,13,1305430,0,0,0,0,0
130543001395,2015,130543001395,13,1305430,0,0,0,0,0
130543001403,2015,130543001403,13,1305430,0,0,0,0,0
130543001774,2015,130543001774,13,1305430,0,0,0,0,0
130543001775,2015,130543001775,13,1305430,0,0,0,0,0
130543001776,2015,130543001776,13,1305430,0,0,0,0,0
130543001777,2015,130543001777,13,1305430,1,0,0,1,0
130543001779,2015,130543001779,13,1305430,2,0,0,0,0
130543002204,2015,130543002204,13,1305430,1,0,1,0,0
130000100593,2015,130000100593,13,1300001,0,0,0,0,0
130000100596,2015,130000100596,13,1300001,0,0,0,0,0
130000100608,2015,130000100608,13,1300001,0,0,0,0,0
130000100643,2015,130000100643,13,1300001,0,0,0,1,0
130000101706,2015,130000101706,13,1300001,0,0,0,0,0
130000101710,2015,130000101710,13,1300001,0,0,0,0,0
130000101852,2015,130000101852,13,1300001,0,1,0,0,0
130000101853,2015,130000101853,13,1300001,0,0,0,0,0
130000101855,2015,130000101855,13,1300001,0,0,0,1,0
130000101856,2015,130000101856,13,1300001,0,0,0,0,0
130000101962,2015,130000101962,13,1300001,0,0,0,0,0
130000101964,2015,130000101964,13,1300001,0,0,0,0,0
130000102011,2015,130000102011,13,1300001,0,0,0,0,0
130000102443,2015,130000102443,13,1300001,0,0,0,1,0
130000102444,2015,130000102444,13,1300001,0,0,1,0,0
130000103455,2015,130000103455,13,1300001,0,0,0,0,0
130000103620,2015,130000103620,13,1300001,0,0,0,0,0
130000103789,2015,130000103789,13,1300001,0,0,0,0,0
130000502626,2015,130000502626,13,1300005,0,0,0,0,0
130002303482,2015,130002303482,13,1300023,0,0,0,0,0
130006000006,2015,130006000006,13,1300060,0,0,0,0,0
130006000007,2015,130006000007,13,1300060,0,0,0,0,0
130006000008,2015,130006000008,13,1300060,0,0,0,0,0
130006000009,2015,130006000009,13,1300060,0,0,0,0,0
130006000010,2015,130006000010,13,1300060,0,0,0,0,0
130006000011,2015,130006000011,13,1300060,0,0,0,0,0
130009000013,2015,130009000013,13,1300090,0,0,0,0,0
130009000015,2015,130009000015,13,1300090,0,0,0,0,0
130009001965,2015,130009001965,13,1300090,0,0,0,0,0
130009003996,2015,130009003996,13,1300090,0,0,0,0,0
130012000017,2015,130012000017,13,1300120,0,0,0,0,0
130012000022,2015,130012000022,13,1300120,0,0,0,0,0
130012000025,2015,130012000025,13,1300120,0,0,0,0,0
130012000027,2015,130012000027,13,1300120,0,0,0,0,0
130012000029,2015,130012000029,13,1300120,0,0,0,0,0
130012000034,2015,130012000034,13,1300120,0,0,0,0,0
130012000036,2015,130012000036,13,1300120,0,0,0,0,0
130012000038,2015,130012000038,13,1300120,0,0,0,0,0
130012000039,2015,130012000039,13,1300120,0,0,0,0,0
130012000042,2015,130012000042,13,1300120,0,0,0,0,0
130012000043,2015,130012000043,13,1300120,0,0,0,0,0
130012000045,2015,130012000045,13,1300120,0,0,0,0,0
130012000052,2015,130012000052,13,1300120,0,0,0,0,0
130012000054,2015,130012000054,13,1300120,0,0,0,0,0
130012000058,2015,130012000058,13,1300120,1,0,1,0,0
130012000059,2015,130012000059,13,1300120,0,0,0,0,0
130012000060,2015,130012000060,13,1300120,0,0,0,0,0
130012000063,2015,130012000063,13,1300120,0,0,0,0,0
130012000066,2015,130012000066,13,1300120,0,0,0,0,0
130012000069,2015,130012000069,13,1300120,0,0,0,0,0
130012000073,2015,130012000073,13,1300120,0,0,0,0,0
130012000077,2015,130012000077,13,1300120,0,0,0,0,0
130012000085,2015,130012000085,13,1300120,0,0,0,0,0
130012000089,2015,130012000089,13,1300120,0,0,0,0,0
130012000091,2015,130012000091,13,1300120,0,0,0,0,0
130012000092,2015,130012000092,13,1300120,0,0,0,0,0
130012000097,2015,130012000097,13,1300120,0,0,0,0,0
130012000099,2015,130012000099,13,1300120,0,0,0,0,0
130012000103,2015,130012000103,13,1300120,0,0,0,0,0
130012000106,2015,130012000106,13,1300120,0,0,0,0,0
130012000107,2015,130012000107,13,1300120,0,2,3,0,0
130012000110,2015,130012000110,13,1300120,0,0,0,0,0
130012000113,2015,130012000113,13,1300120,0,0,0,0,0
130012000118,2015,130012000118,13,1300120,0,0,0,0,0
130012000120,2015,130012000120,13,1300120,0,0,0,0,0
130012000121,2015,130012000121,13,1300120,0,0,0,0,0
130012000122,2015,130012000122,13,1300120,0,0,0,0,0
130012000124,2015,130012000124,13,1300120,0,0,0,0,0
130012000127,2015,130012000127,13,1300120,0,0,0,0,0
130012000130,2015,130012000130,13,1300120,0,0,0,0,0
130012000133,2015,130012000133,13,1300120,0,0,0,0,0
130012000136,2015,130012000136,13,1300120,0,0,0,0,0
130012000137,2015,130012000137,13,1300120,0,0,0,0,0
130012000139,2015,130012000139,13,1300120,0,0,0,0,0
130012000143,2015,130012000143,13,1300120,0,0,0,0,0
130012000147,2015,130012000147,13,1300120,0,0,0,0,0
130012000149,2015,130012000149,13,1300120,0,0,0,0,0
130012000150,2015,130012000150,13,1300120,0,0,0,0,0
130012001865,2015,130012001865,13,1300120,0,0,0,0,0
130012001866,2015,130012001866,13,1300120,0,0,0,0,0
130012001939,2015,130012001939,13,1300120,0,0,0,0,0
130012002212,2015,130012002212,13,1300120,0,0,0,0,0
130012002290,2015,130012002290,13,1300120,0,0,0,0,0
130012002344,2015,130012002344,13,1300120,1,0,1,0,0
130012002453,2015,130012002453,13,1300120,0,0,0,0,0
130012002517,2015,130012002517,13,1300120,0,0,0,0,0
130012002613,2015,130012002613,13,1300120,0,0,0,0,0
130012002615,2015,130012002615,13,1300120,0,0,0,0,0
130012002798,2015,130012002798,13,1300120,0,0,0,0,0
130012003025,2015,130012003025,13,1300120,0,0,0,0,0
130012003028,2015,130012003028,13,1300120,0,0,0,0,0
130012003029,2015,130012003029,13,1300120,0,0,1,0,0
130012003030,2015,130012003030,13,1300120,0,0,0,0,0
130012003031,2015,130012003031,13,1300120,0,0,0,0,0
130012003468,2015,130012003468,13,1300120,0,0,0,0,0
130012003470,2015,130012003470,13,1300120,0,0,0,0,0
130012003471,2015,130012003471,13,1300120,0,0,0,0,0
130012003540,2015,130012003540,13,1300120,0,0,0,0,0
130012003541,2015,130012003541,13,1300120,0,0,0,0,0
130012003542,2015,130012003542,13,1300120,0,0,0,0,0
130012003543,2015,130012003543,13,1300120,0,0,0,0,0
130012003544,2015,130012003544,13,1300120,0,0,0,0,0
130012003551,2015,130012003551,13,1300120,0,0,0,0,0
130012003556,2015,130012003556,13,1300120,0,0,0,0,0
130012003558,2015,130012003558,13,1300120,0,0,0,0,0
130012003567,2015,130012003567,13,1300120,0,0,0,0,0
130012003589,2015,130012003589,13,1300120,0,0,0,0,0
130012003660,2015,130012003660,13,1300120,0,0,0,0,0
130012003823,2015,130012003823,13,1300120,0,0,0,0,0
130012003841,2015,130012003841,13,1300120,0,0,0,0,0
130012003980,2015,130012003980,13,1300120,0,0,1,1,0
130012003992,2015,130012003992,13,1300120,0,0,0,0,0
130012004012,2015,130012004012,13,1300120,0,0,0,0,0
130012004059,2015,130012004059,13,1300120,0,0,0,0,0
130012004067,2015,130012004067,13,1300120,0,0,0,0,0
130012004083,2015,130012004083,13,1300120,0,0,0,0,0
130012004087,2015,130012004087,13,1300120,0,0,0,0,0
130012004091,2015,130012004091,13,1300120,0,0,0,0,0
130012004124,2015,130012004124,13,1300120,0,0,0,0,0
130012004139,2015,130012004139,13,1300120,0,0,0,0,0
130012004145,2015,130012004145,13,1300120,0,0,0,0,0
130012004155,2015,130012004155,13,1300120,0,0,0,0,0
130012004161,2015,130012004161,13,1300120,0,0,0,0,0
130012004174,2015,130012004174,13,1300120,0,0,0,0,0
130012004215,2015,130012004215,13,1300120,0,0,0,0,0
130015000151,2015,130015000151,13,1300150,0,0,0,0,0
130015000153,2015,130015000153,13,1300150,0,0,0,0,0
130015002349,2015,130015002349,13,1300150,0,0,0,0,0
130015002357,2015,130015002357,13,1300150,0,0,0,0,0
130018001867,2015,130018001867,13,1300180,0,0,0,0,0
130021403723,2015,130021403723,13,1300214,0,0,0,0,0
130021503748,2015,130021503748,13,1300215,0,0,0,0,0
130021703961,2015,130021703961,13,1300217,0,0,0,0,0
130021803964,2015,130021803964,13,1300218,0,0,0,0,0
130022104021,2015,130022104021,13,1300221,0,0,0,0,0
130022204007,2015,130022204007,13,1300222,0,0,0,0,0
130022303063,2015,130022303063,13,1300223,0,0,0,0,0
130022403062,2015,130022403062,13,1300224,0,0,0,0,0
130022503061,2015,130022503061,13,1300225,0,0,2,0,0
130022604023,2015,130022604023,13,1300226,0,0,0,0,0
130022704031,2015,130022704031,13,1300227,0,0,0,0,0
130023004051,2015,130023004051,13,1300230,1,12,12,0,0
130023104095,2015,130023104095,13,1300231,0,0,0,0,0
130023204148,2015,130023204148,13,1300232,0,0,0,0,0
130023304164,2015,130023304164,13,1300233,0,0,0,0,0
130023404179,2015,130023404179,13,1300234,0,0,0,0,0
130023504203,2015,130023504203,13,1300235,0,0,0,0,0
130023604192,2015,130023604192,13,1300236,0,0,0,0,0
130023704193,2015,130023704193,13,1300237,0,0,0,0,0
130023804205,2015,130023804205,13,1300238,0,0,0,0,0
130024000169,2015,130024000169,13,1300240,0,0,0,0,0
130024000170,2015,130024000170,13,1300240,0,0,0,0,0
130024002015,2015,130024002015,13,1300240,0,0,0,0,0
130024003545,2015,130024003545,13,1300240,0,0,0,0,0
130029000134,2015,130029000134,13,1300290,0,0,0,0,0
130029000171,2015,130029000171,13,1300290,0,0,0,0,0
130029000172,2015,130029000172,13,1300290,0,0,0,0,0
130029000173,2015,130029000173,13,1300290,0,0,0,0,0
130029000174,2015,130029000174,13,1300290,0,0,0,0,0
130029000175,2015,130029000175,13,1300290,2,0,0,0,0
130029000176,2015,130029000176,13,1300290,0,0,0,0,0
130029000178,2015,130029000178,13,1300290,0,0,0,0,0
130029001913,2015,130029001913,13,1300290,0,1,0,1,0
130029002016,2015,130029002016,13,1300290,0,0,0,0,0
130029002017,2015,130029002017,13,1300290,0,0,0,0,0
130029002293,2015,130029002293,13,1300290,0,0,0,0,0
130029002350,2015,130029002350,13,1300290,0,0,0,0,0
130029003285,2015,130029003285,13,1300290,0,0,0,0,0
130029004037,2015,130029004037,13,1300290,1,0,0,0,0
130033000179,2015,130033000179,13,1300330,0,0,0,0,0
130033000180,2015,130033000180,13,1300330,0,0,0,0,0
130033000181,2015,130033000181,13,1300330,1,0,0,0,0
130033000183,2015,130033000183,13,1300330,0,0,0,0,0
130033000185,2015,130033000185,13,1300330,0,0,0,0,0
130033000186,2015,130033000186,13,1300330,0,0,0,0,0
130033000187,2015,130033000187,13,1300330,0,0,0,0,0
130033000189,2015,130033000189,13,1300330,0,0,0,0,0
130033001078,2015,130033001078,13,1300330,1,1,0,0,0
130033001868,2015,130033001868,13,1300330,9,0,0,0,0
130033001914,2015,130033001914,13,1300330,1,0,0,0,0
130033001940,2015,130033001940,13,1300330,0,0,0,0,0
130033002060,2015,130033002060,13,1300330,9,0,0,0,0
130033002294,2015,130033002294,13,1300330,2,1,0,0,0
130033002351,2015,130033002351,13,1300330,1,1,0,0,0
130033002352,2015,130033002352,13,1300330,0,0,0,0,0
130033002464,2015,130033002464,13,1300330,0,0,0,0,0
130033003287,2015,130033003287,13,1300330,0,0,0,0,0
130033003586,2015,130033003586,13,1300330,0,0,0,0,0
130039000192,2015,130039000192,13,1300390,0,0,0,0,0
130039000195,2015,130039000195,13,1300390,0,0,0,0,0
130039000228,2015,130039000228,13,1300390,0,0,0,0,0
130039000787,2015,130039000787,13,1300390,0,0,0,0,0
130039003523,2015,130039003523,13,1300390,0,0,0,0,0
130042000198,2015,130042000198,13,1300420,0,0,0,0,0
130042000201,2015,130042000201,13,1300420,0,0,0,0,0
130042000203,2015,130042000203,13,1300420,0,0,0,0,0
130042000212,2015,130042000212,13,1300420,0,0,0,0,0
130042000218,2015,130042000218,13,1300420,0,0,0,0,0
130042000221,2015,130042000221,13,1300420,0,0,0,0,0
130042000225,2015,130042000225,13,1300420,0,0,0,0,0
130042000226,2015,130042000226,13,1300420,0,0,0,0,0
130042000227,2015,130042000227,13,1300420,0,0,0,0,0
130042000230,2015,130042000230,13,1300420,0,0,0,0,0
130042000241,2015,130042000241,13,1300420,0,0,0,0,0
130042000246,2015,130042000246,13,1300420,0,0,0,0,0
130042000247,2015,130042000247,13,1300420,0,0,0,0,0
130042000790,2015,130042000790,13,1300420,0,0,0,0,0
130042001416,2015,130042001416,13,1300420,0,0,0,0,0
130042001869,2015,130042001869,13,1300420,0,0,0,0,0
130042001918,2015,130042001918,13,1300420,0,0,0,0,0
130042001942,2015,130042001942,13,1300420,2,0,0,0,0
130042001943,2015,130042001943,13,1300420,1,0,0,0,0
130042001944,2015,130042001944,13,1300420,0,0,0,0,0
130042002096,2015,130042002096,13,1300420,0,0,0,0,0
130042002234,2015,130042002234,13,1300420,2,0,0,0,0
130042002472,2015,130042002472,13,1300420,0,0,0,0,0
130042002473,2015,130042002473,13,1300420,0,0,0,0,0
130042002474,2015,130042002474,13,1300420,0,0,0,0,0
130042002477,2015,130042002477,13,1300420,0,0,0,0,0
130042002604,2015,130042002604,13,1300420,0,0,0,0,0
130042002610,2015,130042002610,13,1300420,0,0,0,0,0
130042002620,2015,130042002620,13,1300420,0,0,0,0,0
130042003290,2015,130042003290,13,1300420,0,0,0,0,0
130042003292,2015,130042003292,13,1300420,0,0,0,0,0
130042003621,2015,130042003621,13,1300420,0,0,0,0,0
130042003667,2015,130042003667,13,1300420,0,0,0,0,0
130042003676,2015,130042003676,13,1300420,0,0,0,0,0
130042003726,2015,130042003726,13,1300420,0,0,0,0,0
130042003744,2015,130042003744,13,1300420,0,0,0,0,0
130042004038,2015,130042004038,13,1300420,0,0,0,0,0
130042004078,2015,130042004078,13,1300420,0,0,0,0,0
130042004176,2015,130042004176,13,1300420,0,0,0,0,0
130042004190,2015,130042004190,13,1300420,0,0,0,0,0
130042004198,2015,130042004198,13,1300420,0,0,0,0,0
130042004204,2015,130042004204,13,1300420,0,0,0,0,0
130048000232,2015,130048000232,13,1300480,0,0,0,0,0
130048000234,2015,130048000234,13,1300480,5,0,0,0,0
130048000257,2015,130048000257,13,1300480,0,0,0,0,0
130048000258,2015,130048000258,13,1300480,0,0,0,0,0
130048001946,2015,130048001946,13,1300480,0,0,0,0,0
130048002295,2015,130048002295,13,1300480,0,0,0,0,0
130048003907,2015,130048003907,13,1300480,0,0,0,0,0
130051000260,2015,130051000260,13,1300510,0,0,0,0,0
130051002455,2015,130051002455,13,1300510,0,0,0,0,0
130051003757,2015,130051003757,13,1300510,0,0,0,0,0
130051003762,2015,130051003762,13,1300510,0,0,0,0,0
130054000141,2015,130054000141,13,1300540,0,1,0,0,0
130054000207,2015,130054000207,13,1300540,0,0,0,0,0
130054000263,2015,130054000263,13,1300540,0,0,0,0,0
130054001417,2015,130054001417,13,1300540,1,0,0,0,0
130057000086,2015,130057000086,13,1300570,0,0,0,0,0
130057001872,2015,130057001872,13,1300570,0,0,0,0,0
130057001873,2015,130057001873,13,1300570,0,0,0,0,0
130057001948,2015,130057001948,13,1300570,0,0,0,0,0
130057002235,2015,130057002235,13,1300570,0,0,0,0,0
130057002368,2015,130057002368,13,1300570,0,0,0,0,0
130057002389,2015,130057002389,13,1300570,0,0,0,0,0
130057002395,2015,130057002395,13,1300570,0,0,0,0,0
130057002396,2015,130057002396,13,1300570,1,0,0,0,0
130057004189,2015,130057004189,13,1300570,0,0,0,0,0
130060000274,2015,130060000274,13,1300600,0,0,0,0,0
130060000275,2015,130060000275,13,1300600,0,0,0,0,0
130060000276,2015,130060000276,13,1300600,0,0,0,0,0
130060002345,2015,130060002345,13,1300600,0,0,0,0,0
130063000277,2015,130063000277,13,1300630,0,0,0,0,0
130063000281,2015,130063000281,13,1300630,0,0,0,0,0
130063000283,2015,130063000283,13,1300630,0,0,0,0,0
130063000285,2015,130063000285,13,1300630,0,0,0,0,0
130063000287,2015,130063000287,13,1300630,0,0,0,0,0
130063000288,2015,130063000288,13,1300630,0,0,0,0,0
130063000290,2015,130063000290,13,1300630,0,0,0,0,0
130063002236,2015,130063002236,13,1300630,0,0,0,0,0
130063002237,2015,130063002237,13,1300630,0,0,0,0,0
130063002238,2015,130063002238,13,1300630,0,0,0,0,0
130063002296,2015,130063002296,13,1300630,0,0,0,0,0
130063002297,2015,130063002297,13,1300630,0,0,0,0,0
130063002298,2015,130063002298,13,1300630,0,0,0,0,0
130063003549,2015,130063003549,13,1300630,0,0,0,0,0
130063003550,2015,130063003550,13,1300630,0,0,0,0,0
130069000301,2015,130069000301,13,1300690,0,0,0,0,0
130069002353,2015,130069002353,13,1300690,13,0,0,0,0
130069002819,2015,130069002819,13,1300690,5,5,2,4,0
130069003818,2015,130069003818,13,1300690,4,0,0,0,0
130069003846,2015,130069003846,13,1300690,0,0,0,0,0
130072000305,2015,130072000305,13,1300720,0,0,0,0,0
130072000306,2015,130072000306,13,1300720,0,0,0,0,0
130072000307,2015,130072000307,13,1300720,0,0,0,1,0
130072002216,2015,130072002216,13,1300720,0,0,0,0,0
130075000311,2015,130075000311,13,1300750,0,0,0,0,0
130075004081,2015,130075004081,13,1300750,0,0,0,0,0
130075004098,2015,130075004098,13,1300750,0,0,0,0,0
130081000316,2015,130081000316,13,1300810,0,0,0,0,0
130081000317,2015,130081000317,13,1300810,0,0,0,0,0
130081000318,2015,130081000318,13,1300810,0,0,1,0,0
130081002404,2015,130081002404,13,1300810,0,0,0,0,0
130084000319,2015,130084000319,13,1300840,0,0,0,0,0
130084000320,2015,130084000320,13,1300840,0,0,0,0,0
130084000321,2015,130084000321,13,1300840,2,3,1,2,0
130084000324,2015,130084000324,13,1300840,0,0,0,0,0
130084000325,2015,130084000325,13,1300840,0,0,0,0,0
130084000326,2015,130084000326,13,1300840,0,0,0,0,0
130084000328,2015,130084000328,13,1300840,0,0,0,0,0
130084000330,2015,130084000330,13,1300840,2,1,5,2,0
130084000331,2015,130084000331,13,1300840,0,0,0,0,0
130084000332,2015,130084000332,13,1300840,0,0,2,0,0
130084000333,2015,130084000333,13,1300840,0,2,0,0,0
130084002097,2015,130084002097,13,1300840,0,0,0,0,0
130084002239,2015,130084002239,13,1300840,2,0,0,0,0
130084002240,2015,130084002240,13,1300840,0,0,0,0,0
130084002299,2015,130084002299,13,1300840,0,0,0,0,0
130084002356,2015,130084002356,13,1300840,0,0,0,0,0
130084002452,2015,130084002452,13,1300840,0,0,0,0,0
130084003301,2015,130084003301,13,1300840,5,5,0,0,0
130084003302,2015,130084003302,13,1300840,0,0,0,0,0
130084003303,2015,130084003303,13,1300840,0,0,0,0,0
130084003483,2015,130084003483,13,1300840,0,0,0,0,0
130084003562,2015,130084003562,13,1300840,3,3,0,0,0
130084003582,2015,130084003582,13,1300840,0,0,0,0,0
130084003982,2015,130084003982,13,1300840,0,0,0,0,0
130084004101,2015,130084004101,13,1300840,0,0,0,0,0
130087000088,2015,130087000088,13,1300870,0,0,0,0,0
130087000334,2015,130087000334,13,1300870,0,0,0,0,0
130087000336,2015,130087000336,13,1300870,0,0,0,0,0
130087003474,2015,130087003474,13,1300870,0,0,0,0,0
130090000341,2015,130090000341,13,1300900,0,0,0,0,0
130090000342,2015,130090000342,13,1300900,4,0,0,0,0
130090000343,2015,130090000343,13,1300900,0,0,0,0,0
130090002098,2015,130090002098,13,1300900,0,0,0,0,0
130093000346,2015,130093000346,13,1300930,0,0,0,0,0
130093000347,2015,130093000347,13,1300930,0,0,0,0,0
130093000348,2015,130093000348,13,1300930,0,1,0,1,0
130093000349,2015,130093000349,13,1300930,0,0,0,0,0
130093000350,2015,130093000350,13,1300930,0,0,0,0,0
130093000351,2015,130093000351,13,1300930,0,0,0,0,0
130093000352,2015,130093000352,13,1300930,0,0,0,0,0
130093000353,2015,130093000353,13,1300930,0,0,0,0,0
130093000355,2015,130093000355,13,1300930,0,0,0,1,0
130093000845,2015,130093000845,13,1300930,0,0,0,0,0
130093001934,2015,130093001934,13,1300930,0,0,0,0,0
130093002300,2015,130093002300,13,1300930,0,0,0,0,0
130093002496,2015,130093002496,13,1300930,0,0,0,0,0
130093003304,2015,130093003304,13,1300930,0,0,0,0,0
130093003305,2015,130093003305,13,1300930,0,0,0,1,0
130093003688,2015,130093003688,13,1300930,0,0,0,0,0
130099000358,2015,130099000358,13,1300990,0,0,0,1,0
130099000359,2015,130099000359,13,1300990,0,0,0,0,0
130099002241,2015,130099002241,13,1300990,0,0,0,0,0
130099004016,2015,130099004016,13,1300990,4,5,0,0,0
130105000416,2015,130105000416,13,1301050,0,0,0,0,0
130105002358,2015,130105002358,13,1301050,0,0,0,0,0
130105003525,2015,130105003525,13,1301050,0,0,0,0,0
130111000114,2015,130111000114,13,1301110,0,0,0,0,0
130111000425,2015,130111000425,13,1301110,0,1,0,0,0
130111000428,2015,130111000428,13,1301110,0,0,0,0,0
130111000429,2015,130111000429,13,1301110,0,1,1,0,0
130111000431,2015,130111000431,13,1301110,0,0,0,0,0
130111000432,2015,130111000432,13,1301110,0,1,0,0,0
130111000434,2015,130111000434,13,1301110,0,3,0,0,0
130111000435,2015,130111000435,13,1301110,0,0,0,0,0
130111000437,2015,130111000437,13,1301110,0,0,0,0,0
130111000438,2015,130111000438,13,1301110,0,0,0,0,0
130111001105,2015,130111001105,13,1301110,0,0,0,0,0
130111001428,2015,130111001428,13,1301110,0,1,0,0,0
130111001438,2015,130111001438,13,1301110,1,0,0,0,0
130111001443,2015,130111001443,13,1301110,0,0,0,0,0
130111001860,2015,130111001860,13,1301110,0,1,0,0,0
130111001878,2015,130111001878,13,1301110,0,0,0,0,0
130111001970,2015,130111001970,13,1301110,0,0,0,0,0
130111001971,2015,130111001971,13,1301110,0,2,0,0,0
130111002020,2015,130111002020,13,1301110,0,0,0,0,0
130111002055,2015,130111002055,13,1301110,0,0,0,0,0
130111002066,2015,130111002066,13,1301110,0,0,0,0,0
130111002100,2015,130111002100,13,1301110,0,2,0,0,0
130111002359,2015,130111002359,13,1301110,0,0,0,0,0
130111002360,2015,130111002360,13,1301110,0,1,0,0,0
130111002521,2015,130111002521,13,1301110,0,0,0,0,0
130111003308,2015,130111003308,13,1301110,0,0,0,0,1
130111003309,2015,130111003309,13,1301110,0,0,0,0,0
130111003310,2015,130111003310,13,1301110,0,1,0,0,0
130111003312,2015,130111003312,13,1301110,5,2,1,6,0
130111003526,2015,130111003526,13,1301110,0,0,0,0,0
130111003769,2015,130111003769,13,1301110,0,0,0,0,0
130111003780,2015,130111003780,13,1301110,0,0,0,0,0
130111003821,2015,130111003821,13,1301110,0,0,0,0,0
130111003909,2015,130111003909,13,1301110,0,0,0,0,0
130111004019,2015,130111004019,13,1301110,0,1,0,0,0
130111004033,2015,130111004033,13,1301110,0,0,0,0,0
130111004072,2015,130111004072,13,1301110,0,3,0,0,0
130114000441,2015,130114000441,13,1301140,0,0,0,0,0
130114002456,2015,130114002456,13,1301140,0,0,0,0,0
130114002457,2015,130114002457,13,1301140,0,0,0,0,0
130120002833,2015,130120002833,13,1301200,0,0,1,0,0
130120002834,2015,130120002834,13,1301200,0,0,0,0,0
130120004125,2015,130120004125,13,1301200,0,0,0,0,0
130126000504,2015,130126000504,13,1301260,0,0,0,0,0
130126002106,2015,130126002106,13,1301260,0,0,0,0,0
130126002362,2015,130126002362,13,1301260,0,0,0,0,0
130135000576,2015,130135000576,13,1301350,0,0,0,0,0
130135000577,2015,130135000577,13,1301350,0,0,0,0,0
130135000578,2015,130135000578,13,1301350,0,0,0,0,0
130135000579,2015,130135000579,13,1301350,0,0,0,0,0
130135000581,2015,130135000581,13,1301350,0,0,0,0,0
130135000582,2015,130135000582,13,1301350,0,0,0,0,0
130135001883,2015,130135001883,13,1301350,0,0,0,0,0
130135001884,2015,130135001884,13,1301350,0,0,0,0,0
130135002306,2015,130135002306,13,1301350,0,0,0,0,0
130135003321,2015,130135003321,13,1301350,0,0,0,0,0
130135003323,2015,130135003323,13,1301350,0,0,0,0,0
130135004131,2015,130135004131,13,1301350,0,0,0,0,0
130138000584,2015,130138000584,13,1301380,0,0,0,0,0
130138000585,2015,130138000585,13,1301380,0,0,0,0,0
130138000586,2015,130138000586,13,1301380,0,0,0,0,0
130138000587,2015,130138000587,13,1301380,0,0,0,0,0
130138000588,2015,130138000588,13,1301380,0,0,0,0,0
130138000589,2015,130138000589,13,1301380,0,0,0,0,0
130138000590,2015,130138000590,13,1301380,0,0,0,0,0
130138000591,2015,130138000591,13,1301380,0,0,0,0,0
130138000594,2015,130138000594,13,1301380,0,0,0,0,0
130138000595,2015,130138000595,13,1301380,0,0,0,0,0
130138000597,2015,130138000597,13,1301380,0,0,0,0,0
130138000598,2015,130138000598,13,1301380,0,0,0,0,0
130138001975,2015,130138001975,13,1301380,0,0,0,0,0
130138004052,2015,130138004052,13,1301380,0,0,0,0,0
130141000126,2015,130141000126,13,1301410,0,0,0,0,0
130141000248,2015,130141000248,13,1301410,0,0,1,0,0
130141000599,2015,130141000599,13,1301410,0,0,0,0,0
130141000601,2015,130141000601,13,1301410,0,0,0,0,0
130141000602,2015,130141000602,13,1301410,0,0,0,0,0
130141000603,2015,130141000603,13,1301410,0,0,0,0,0
130141000604,2015,130141000604,13,1301410,0,0,0,0,0
130141000606,2015,130141000606,13,1301410,0,0,0,0,0
130141000607,2015,130141000607,13,1301410,0,0,0,0,0
130141000610,2015,130141000610,13,1301410,0,0,0,0,0
130141000611,2015,130141000611,13,1301410,0,0,0,0,0
130141001501,2015,130141001501,13,1301410,2,0,0,0,0
130141001502,2015,130141001502,13,1301410,0,0,0,0,0
130141001506,2015,130141001506,13,1301410,0,0,0,0,0
130141001885,2015,130141001885,13,1301410,0,0,0,0,0
130141001886,2015,130141001886,13,1301410,4,0,0,0,0
130141001996,2015,130141001996,13,1301410,0,0,0,0,0
130141001997,2015,130141001997,13,1301410,0,0,0,0,0
130141002025,2015,130141002025,13,1301410,0,0,0,0,0
130141002072,2015,130141002072,13,1301410,0,0,0,0,0
130141002073,2015,130141002073,13,1301410,0,0,0,0,0
130141002161,2015,130141002161,13,1301410,0,0,0,0,0
130141002366,2015,130141002366,13,1301410,3,0,0,3,0
130141002528,2015,130141002528,13,1301410,0,0,0,0,0
130141002848,2015,130141002848,13,1301410,0,0,0,0,0
130141003325,2015,130141003325,13,1301410,0,0,0,0,0
130141003554,2015,130141003554,13,1301410,0,0,0,0,0
130141003694,2015,130141003694,13,1301410,0,0,0,0,0
130141003903,2015,130141003903,13,1301410,5,0,0,0,0
130141004042,2015,130141004042,13,1301410,0,0,0,0,0
130144000621,2015,130144000621,13,1301440,0,0,0,0,0
130144000622,2015,130144000622,13,1301440,2,2,0,1,0
130144000623,2015,130144000623,13,1301440,0,0,0,0,0
130144003617,2015,130144003617,13,1301440,0,0,0,0,0
130147000628,2015,130147000628,13,1301470,2,0,0,0,0
130147001107,2015,130147001107,13,1301470,0,0,0,0,0
130147003327,2015,130147003327,13,1301470,0,0,0,0,0
130147003900,2015,130147003900,13,1301470,1,0,0,3,0
130150000208,2015,130150000208,13,1301500,0,0,0,0,0
130150000747,2015,130150000747,13,1301500,0,0,0,0,0
130150000748,2015,130150000748,13,1301500,0,0,0,0,0
130150000750,2015,130150000750,13,1301500,0,0,0,0,0
130150000751,2015,130150000751,13,1301500,0,0,0,0,0
130150000753,2015,130150000753,13,1301500,0,0,0,0,0
130150000754,2015,130150000754,13,1301500,0,0,0,0,0
130150000755,2015,130150000755,13,1301500,0,0,0,0,0
130150000760,2015,130150000760,13,1301500,0,0,0,0,0
130150000761,2015,130150000761,13,1301500,0,0,0,0,0
130150000762,2015,130150000762,13,1301500,0,0,0,0,0
130150000816,2015,130150000816,13,1301500,0,0,0,0,0
130150000818,2015,130150000818,13,1301500,0,0,0,0,0
130150000825,2015,130150000825,13,1301500,0,0,0,0,0
130150001108,2015,130150001108,13,1301500,0,0,0,0,0
130150002026,2015,130150002026,13,1301500,0,0,0,0,0
130150002027,2015,130150002027,13,1301500,0,0,0,0,0
130150002028,2015,130150002028,13,1301500,0,0,0,0,0
130150002162,2015,130150002162,13,1301500,0,0,0,0,0
130150002251,2015,130150002251,13,1301500,0,0,0,0,0
130150002252,2015,130150002252,13,1301500,0,0,0,0,0
130150002307,2015,130150002307,13,1301500,0,0,0,0,0
130150002367,2015,130150002367,13,1301500,0,0,0,0,0
130150002531,2015,130150002531,13,1301500,0,0,0,0,0
130150003328,2015,130150003328,13,1301500,0,0,0,0,0
130150003329,2015,130150003329,13,1301500,0,0,0,0,0
130150003637,2015,130150003637,13,1301500,0,0,0,0,0
130150003881,2015,130150003881,13,1301500,0,0,0,0,0
130153000080,2015,130153000080,13,1301530,0,0,0,0,0
130153000766,2015,130153000766,13,1301530,0,0,0,0,0
130153002151,2015,130153002151,13,1301530,0,0,0,0,0
130156000769,2015,130156000769,13,1301560,3,0,1,0,0
130156000771,2015,130156000771,13,1301560,0,0,0,0,0
130156000772,2015,130156000772,13,1301560,-2,-2,-2,-2,-2
130156001508,2015,130156001508,13,1301560,13,0,0,9,0
130156004157,2015,130156004157,13,1301560,0,0,0,0,0
130159000775,2015,130159000775,13,1301590,0,0,0,0,0
130159000777,2015,130159000777,13,1301590,0,0,0,0,0
130159000778,2015,130159000778,13,1301590,0,0,0,0,0
130159000868,2015,130159000868,13,1301590,0,0,0,0,0
130162000782,2015,130162000782,13,1301620,0,0,0,0,0
130162000783,2015,130162000783,13,1301620,0,0,0,0,0
130162000786,2015,130162000786,13,1301620,0,0,0,0,0
130162000788,2015,130162000788,13,1301620,0,0,0,0,0
130162002458,2015,130162002458,13,1301620,0,0,0,0,0
130162002459,2015,130162002459,13,1301620,0,0,0,0,0
130162002460,2015,130162002460,13,1301620,0,0,0,0,0
130162003476,2015,130162003476,13,1301620,0,0,0,0,0
130162003836,2015,130162003836,13,1301620,0,0,0,0,0
130165001952,2015,130165001952,13,1301650,0,1,0,0,0
130165002030,2015,130165002030,13,1301650,0,0,0,0,0
130165002253,2015,130165002253,13,1301650,0,0,0,0,0
130165002254,2015,130165002254,13,1301650,0,0,0,0,0
130165002536,2015,130165002536,13,1301650,0,0,0,0,0
130165003623,2015,130165003623,13,1301650,0,0,0,0,0
130165004005,2015,130165004005,13,1301650,0,0,0,0,0
130168000796,2015,130168000796,13,1301680,0,0,0,0,0
130168000798,2015,130168000798,13,1301680,0,0,0,0,0
130168000799,2015,130168000799,13,1301680,0,0,0,0,0
130168000802,2015,130168000802,13,1301680,0,0,0,0,0
130168002618,2015,130168002618,13,1301680,0,0,0,0,0
130168004028,2015,130168004028,13,1301680,0,0,0,0,0
130168004156,2015,130168004156,13,1301680,0,0,0,0,0
130168099998,2015,130168000795,13,1301680,0,0,0,0,0
130171000612,2015,130171000612,13,1301710,0,0,0,0,0
130171000613,2015,130171000613,13,1301710,0,0,0,0,0
130171000614,2015,130171000614,13,1301710,0,0,0,0,0
130171000616,2015,130171000616,13,1301710,0,0,0,0,0
130171000617,2015,130171000617,13,1301710,0,0,0,0,0
130171000619,2015,130171000619,13,1301710,0,0,0,0,0
130171000620,2015,130171000620,13,1301710,0,0,0,0,0
130171002111,2015,130171002111,13,1301710,0,0,0,0,0
